,Street,Building #,O/E/A,Postal Code,Parish
,Abbot’s Cliff Close,,,CR 03,Hamilton Parish
,Abbot’s Cliff Drive,,,CR 03,Hamilton Parish
,Abbot’s Cliff Road,,,CR 03,Hamilton Parish
,Abbot’s Crescent,,,CR 03,Hamilton Parish
,Abri Lane,,,HM 02,Pembroke
,Acacia Lane,,,MA 02,Sandys
,Adams Lane,,,WK 06,Warwick
,Addendum Lane,,,HM 07,Pembroke
,Admiral Lane,,,SN 01,Southampton
,Admiral Walk,,,SN 01,Southampton
,Admiralty Lane,,,HM 01,Pembroke
,Aeolia Drive,,,DV 05,Devonshire
,Aerial View Close,,,FL 03,Devonshire
,Aerial View Road,,,FL 03,Devonshire
,Agar’s Hill,,,HM 05,Pembroke
,Agar's Island,,,HM 05,Pembroke
,Airport,,,GE CX,St. George's
,Aldie Drive,,,FL 02,Smith’s
,Alexandra Court,,,DV 02,Devonshire
,Alexandra Road,,,DV 02,Devonshire
,Alexandria Lane,,,CR 04,Hamilton Parish
,Allspice Gardens,,,WK 03,Warwick
,Alpha Island,,,WK 04,Warwick
,Alton Hill,,,SN 01,Southampton
,Amaral Lane,,,HM 09,Pembroke
,Anchorage Lane,,,GE 03,Town of St. George
,Anchorage Road,,,GE 03,Town of St. George
,Anchorage View Lane,,,GE 01,St. George's
,Anchorage View Road,,,GE 01,St. George's
,Angle Street,2-52,Even,HM 10,City of Hamilton
,Angle Street,3-45,Odd,HM 17,City of Hamilton
,Ap Owen Road,,,FL 05,Smith’s
,Appleby Lane,,,PG 05,Paget
,Ardsheal Drive,,,PG 06,Paget
,Ariel Drive,,,DV 07,Devonshire
,Arlington Avenue,,,HM 02,Pembroke
,Arlington Drive,,,FL 02,Smith’s
,Arrowroot Lane,,,HS 02,Hamilton Parish
,Ashwood Lane,,,HS 01,Smith’s
,Astwood Close,,,HM 07,Pembroke
,Astwood Road,,,DV 04,Paget
,Astwood Walk,,,WK 08,Warwick
,Atlantic View,,,SN 02,Southampton
,Aubrey Road,,,CR 02,Hamilton Parish
,Aunt Jinny’s Lane,,,DD 03,St. George's
,Aunt Peggy’s Lane,,,GE 05,Town of St. George
,Aurora Lane,,,SN 04,Southampton
,Avocado Lane,,,SN 02,Southampton
,Bakery Lane,,,HM 07,Pembroke
,Ballast Point Road,,,DD 02,St. George's
,Banana Lane,,,WK 10,Warwick
,Band Room Lane,,,HM 14,Pembroke
,Barkers Hill,,,DV 05,Devonshire
,Barnes Valley,,,PG 03,Paget
,Barrack Close,,,GE 03,Town of St. George
,Barrack Hill,,,GE 05,Town of St. George
,Barrack Street,,,GE 03,Town of St. George
,Barry Lane,,,GE 04,Town of St. George
,Street,Building #,O/E/A,Postal Code,Parish
,Barry Road,39,,GE 03,Town of St. George
,Barry Road,1-37,,GE 04,St. George's
,Baselands,,,DD 03,St. George's
,Bat-n-Ball Lane,,,MA 03,Sandys
,Battery Close,,,DD 02,St. George's
,Battery Road,,,DD 02,St. George's
,Bay Estates Road,,,DD 01,St. George's
,Bay Island Drive,,,CR 04,Hamilton Parish
,Bay Lane,,,MA 04,Sandys
,Bay View Drive,,,CR 04,Hamilton Parish
,Bay View Drive,,,SN 01,Southampton
,Bayfield Road,,,WK 04,Warwick
,Bayside Lane,,,CR 03,Hamilton Parish
,Beach Road,,,SB 01,Sandys
,Beacon Hill Lane,,,MA 02,Sandys
,Beacon Hill Road,1-45,Odd,MA 02,Sandys
,Beacon Hill Road,6-42,Even,MA 03,Sandys
,Beacon Street,,,HM 10,City of Hamilton
,Beaming Hill,,,SN 02,Southampton
,Bean Dale,,,HM 02,Pembroke
,Bee Hive Drive,,,DD 03,St. George's
,Belair Drive,,,WK 04,Warwick
,Bell Lane,,,DV 06,Devonshire
,Bellevue Lane,,,PG 06,Paget
,Belmer Drive,,,DV 07,Devonshire
,Belmont Heights,,,WK 06,Warwick
,Belmont Hills Drive,,,WK 06,Warwick
,Belmont Road,,,WK 06,Warwick
,Belvedere Road,1 - 5,Odd,DV 03,Devonshire
,Belvedere Road,6-10,Even,DV 03,Paget
,Belvedere Road,7-13,Odd,DV 03,Paget
,Benevides Lane,,,SB 04,Southampton
,Benny’s Bay Road,,,SB 03,Sandys
,Berkeley Mews,,,HM 13,Pembroke
,Berkeley Road,2-46,Even,HM 07,Pembroke
,Berkeley Road,15-23,Odd,HM 09,Pembroke
,Berkeley Road,3 - 9,Odd,HM 13,Pembroke
,Bermuda House Lane,,,HM 12,City of Hamilton
,Bermudiana Road,,,HM 08,Pembroke
,Bermudiana Road,,,HM 11,City of Hamilton
,Berry Hill Close,,,DV 03,Paget
,Berry Hill Road,6-32,Even,DV 04,Paget
,Berry Hill Road,1-67,Odd,DV 03,Paget
,Berwyn Hill,,,PG 02,Paget
,Beta Island,,,WK 04,Warwick
,Between The Walls,,,HM 06,Pembroke
,Beulah Lane,,,MA 03,Sandys
,Biological Station,,,GE 01,St. George's
,Bird Cage Lane,,,PG 04,Paget
,Bishop Spencer Road,,,HM 15,Pembroke
,Black and Ball Lane,,,PG 04,Paget
,Blackwood Heights,,,DD 03,St. George's
,Bleak Farm Close,,,DV 06,Devonshire
,Blockade Alley,,,GE 05,Town of St. George
,Bluck Point Road,,,HM 01,Pembroke
,Blucks Island,,,PG 01,Warwick
,Blue Hole Hill,,,CR 04,Hamilton Parish
,Blue Meadows Lane,,,CR 03,Hamilton Parish
,Street,Building #,O/E/A,Postal Code,Parish
,Bluebell Lane,,,MA 04,Sandys
,Bluebird Lane,,,MA 06,Sandys
,Bluff Lane,,,HM 09,Pembroke
,Bob’s Valley Lane,,,MA 04,Sandys
,Bob’s Valley Lane East,,,MA 05,Sandys
,Bob’s Valley Road,6 - 8,Even,MA 04,Sandys
,Bob’s Valley Road,1 - 7,Odd,MA 05,Sandys
,Border Dell,,,FL 02,Devonshire
,Border Lane East,,,HM 16,Devonshire
,Border Lane North,,,HM 16,Devonshire
,Border Lane South,,,HM 15,Devonshire
,Border Lane West,,,HM 16,Pembroke
,Boss’s Cove Road,,,HM 01,Pembroke
,Boss's Island,,,HM 01,Pembroke
,Bostock Hill East,,,PG 02,Paget
,Bostock Hill West,,,PG 02,Paget
,Bostock Lane,,,PG 02,Paget
,Boundary Crescent,,,FL 02,Devonshire
,Boundary Lane,,,GE 03,Town of St. George
,Boundary Terrace,,,FL 02,Devonshire
,Bourne Drive,,,GE 03,Town of St. George
,Bow Lane,,,SN 04,Southampton
,Bowes Lane,,,MA 01,Sandys
,Brackish Pond Lane,,,DV 06,Devonshire
,Braithwaite Lane,,,HM 07,Pembroke
,Breezyway Lane,,,FL 06,Smith’s
,Bridge Lane,,,SB 01,Sandys
,Bridge Street,,,GE 05,Town of St. George
,Bridge View Lane,,,MA 01,Sandys
,Bridle Hill,,,FL 03,Smith’s
,Brightbank Lane,,,HM 05,Pembroke
,Brighton Hill Road,4-20,Even,DV 06,Devonshire
,Brighton Hill Road,7-15,Odd,DV 06,Devonshire
,Brighton Hill Road,26-44,Even,DV 07,Devonshire
,Brighton Lane,,,DV 08,Devonshire
,Brightside Crescent,,,FL 07,Smith’s
,Brimstone Hill,,,DV 07,Devonshire
,Broad Alley,,,GE 05,Town of St. George
,Broken Hill Lane,,,HS 02,Smith’s
,Broken Hill Road,,,HS 02,Smith’s
,Brooklyn Lane,,,HM 09,City of Hamilton
,Broome Street,,,MA 03,Sandys
,Brown Estates Road,,,CR 01,Hamilton Parish
,Brunswick Street,11-17,Odd,HM 10,City of Hamilton
,Brunswick Street,20-22,Even,HM 10,City of Hamilton
,Brunswick Street,19,,HM 12,City of Hamilton
,Buggy Whip Hill,,,SN 02,Southampton
,Bulkhead Drive,,,WK 07,Warwick
,Bulls Head Hill,,,HM 09,City of Hamilton
,Burgess Point Road,,,WK 04,Warwick
,Burnaby Street,4-26,Even,HM 11,City of Hamilton
,Burnaby Street,1-15,Odd,HM 12,City of Hamilton
,Burnt Hill Lane,,,WK 04,Warwick
,Burnt House Drive,,,WK 04,Warwick
,Burnt House Hill,,,WK 04,Warwick
,Burt Island,,,WK 04,Warwick
,Bushy Park,,,MA 03,Sandys
,Street,Building #,,O/E/A,Postal Code,Parish
,Bushy Park Drive,,,,MA 02,Sandys
,Butterfield Lane,,,,SB 03,Sandys
,By The Sea,,,,GE 03,St. George's
,Cable Hill,1,- 11,Odd,FL 03,Devonshire
,Cable Hill,2,- 6,Even,FL 03,Devonshire
,Cable Hill,15-21,,Odd,FL 03,Smith’s
,Cable Lane,,,,FL 03,Devonshire
,Cahow Way,,,,DD 03,St. George's
,Caithness Drive,,,,SB 01,Sandys
,Callan Glen Drive,,,,CR 04,Hamilton Parish
,Callan Glen Rise,,,,CR 04,Hamilton Parish
,Camber Road,,,,MA 01,Sandys
,Cambridge Road,,,,MA 02,Sandys
,Cambridge Road,,,,MA 03,Sandys
,Camden North Road,,,,DV 03,Paget
,Cameron Close,,,,FL 03,Smith’s
,Camp Close,,,,WK 02,Warwick
,Camp Drive,6,- 8,Even,WK 01,Southampton
,Camp Drive,2,- 4,Even,WK 01,Warwick
,Camp Hill,2,- 16,Even,SN 04,Southampton
,Camp Hill,3,- 33,Odd,WK 03,Southampton
,Camp Hill,17,,,WK 03,Warwick
,Camp Lane,,,,WK 02,Warwick
,Camp Road,9,- 23,Odd,WK 01,Warwick
,Camp Road,2,- 22,Even,WK 02,Warwick
,Canal Lane,,,,HM 02,Pembroke
,Canal Road,,,,HM 09,Pembroke
,Cann Drive,,,,MA 04,Sandys
,Caps Lane,,,,HM 06,Pembroke
,Captain Fox’s Lane,,,,DD 02,St. George's
,Carter’s Bay Road,,,,DD 03,St. George's
,Cashew City Road,,,,DD 02,St. George's
,Castle Harbour Road,,,,DD 03,St. George's
,Castle Mews Road,,,,HS 02,St. George's
,Cat Island,,,,HM 05,Pembroke
,Cataract Hill,,,,PG 04,Paget
,Cataract Hill South,,,,PG 04,Paget
,Cathedral Island,,,,SB 01,Sandys
,Cattle Lane,,,,SN 04,Southampton
,Cavello Heights,,,,MA 05,Sandys
,Cavello Lane,,,,MA 05,Sandys
,Cavendish Close,,,,DV 03,Devonshire
,Cavendish Road,1,- 17,Odd,HM 19,Pembroke
,Cavendish Road,2,- 28,Even,HM 19,Pembroke
,Cavendish Road,19,,,HM 20,Pembroke
,Cedar & Spice Lane,,,,WK 03,Warwick
,Cedar Avenue,8,-44,Even,HM 09,City of Hamilton
,Cedar Avenue,1,- 3,Odd,HM 09,Pembroke
,Cedar Avenue,2,- 4,Even,HM 09,Pembroke
,Cedar Avenue,13-39,,Odd,HM 10,City of Hamilton
,Cedar Avenue,48,,,HM 11,City of Hamilton
,Cedar Avenue,41-43,,Odd,HM 12,City of Hamilton
,Cedar Heights Lane,,,,WK 05,Warwick
,Cedar Hill,2,- 32,Even,WK 05,Warwick
,Cedar Hill,1,- 55,Odd,WK 05,Warwick
,Cedar Hill,34-46,,Even,WK 06,Warwick
,Cedar Hill,59-63,,Odd,WK 06,Warwick
,Cedar Hurst Place,,,,SB 04,Southampton
,Street,Building #,,O/E/A,Postal Code,Parish
,Cedar Lane,4,,,WK 06,Warwick
,Cedar Lane,1,,SN 02,SN 02,Southampton
,Cedar Lane,2,- 4,Even,SN 02,Southampton
,Cedar Lane,1,- 3,Odd,WK 06,Warwick
,Cedar Park Road,,,,DV 02,Devonshire
,Cedar Vale Lane,,,,DV 06,Devonshire
,Cedarberry Drive,,,,CR 04,Hamilton Parish
,CedarBridge Lane,,,,DV 02,Devonshire
,Cedarcraft Lane,,,,MA 02,Sandys
,Cedars Drive,,,,PG 02,Paget
,Cedars Lane,,,,MA 03,Sandys
,Cemetery Lane,,,,HM 07,Pembroke
,Cemetery Road,,,,HM 07,Pembroke
,Century Lane,,,,FL 06,Smith’s
,Chaingate Hill,2,- 42,Even,DV 06,Devonshire
,Chaingate Hill,3,- 29,Odd,FL 01,Devonshire
,Chancery Lane,,,,HM 12,City of Hamilton
,Channel View Lane,,,,CR 01,Hamilton Parish
,Chapel Lane,,,,GE 05,Town of St. George
,Chapel Lane,,,,HM 16,Pembroke
,Chapel Lane,,,,PG 02,Paget
,Chapel of Ease Lane,,,,DD 01,St. George's
,Chapel of Ease Road,,,,DD 01,St. George's
,Chapel Road,,,,PG 02,Paget
,Cheriton Lane,2,- 26,Even,HM 01,Pembroke
,Cheriton Lane,1,- 11,Odd,HM 02,Pembroke
,Cherry Dale,,,,FL 08,Smith’s
,Cherry Hill,,,,HM 18,Pembroke
,Cherry Hill Park,,,,PG 03,Paget
,Cherry Lane,,,,WK 10,Warwick
,Christ Church Lane,,,,DV 06,Devonshire
,Christopher’s Close,,,,FL 01,Devonshire
,Church Crescent,,,,CR 01,Hamilton Parish
,Church Dale,,,,HS 01,Smith’s
,Church Folly Lane,,,,GE 03,Town of St. George
,Church Hill Lane,,,,MA 04,Sandys
,Church Hill Place,1,,,MA 04,Sandys
,Church Hill Place,2,- 8,Even,MA 04,Sandys
,Church Hill Place,6,,,MA 06,Sandys
,Church Lane,,,,GE 05,St. George's
,Church Lane,,,,HM 14,Pembroke
,Church Road,,,,SN 01,Southampton
,Church Street,2,- 30,Even,HM 11,City of Hamilton
,Church Street,1,- 23,Odd,HM 11,City of Hamilton
,Church Street,25-63,,Odd,HM 12,City of Hamilton
,Church Street,40-86,,Even,HM 12,City of Hamilton
,Church Valley Lane,,,,MA 04,Sandys
,Clarence Dale Drive,,,,HM 01,Pembroke
,Clarence Dale Road,,,,HM 01,Pembroke
,Clarence Street,,,,GE 05,Town of St. George
,Clarendon Gardens,,,,FL 04,Hamilton Parish
,Clarendon Lane,,,,FL 04,Hamilton Parish
,Clarendon Road,4,- 38,Even,FL 04,Hamilton Parish
,Clarendon Road,3,- 31,Odd,FL 04,Hamilton Parish
,Clarendon Road,1,,,FL 04,Smith’s
,Clarendon Road,2,,,FL 04,Smith’s
,Clarke’s Hill,,,,DD 01,St. George's
,Clarke’s Lane,,,,HM 14,Pembroke
,Street,Building #,O/E/A,Postal Code,Parish
,Clay Court,,,CR 03,Hamilton Parish
,Claytown,,,CR 03,Hamilton Parish
,Cliff Crescent,,,SB 04,Southampton
,Clingstone Lane,,,CR 04,Hamilton Parish
,Clock Tower Parade,,,MA 01,Sandys
,Clouds Avenue,,,WK 02,Warwick
,Cloverdale Close,,,FL 01,Devonshire
,Cloverdale Road,,,FL 01,Devonshire
,Club Road,,,HS 01,Smith’s
,Cobbs Hill Road,1-11,Odd,PG 01,Paget
,Cobbs Hill Road,2-40,Even,PG 01,Warwick
,Cobbs Hill Road,17-55,Odd,PG 03,Paget
,Cobbs Hill Road,59-89,Odd,PG 04,Paget
,Cobbs Hill Road,81,,PG 04,Warwick
,Cobbs Hill Road,42-74,Even,WK 09,Warwick
,Cobbs Hill Road,76 - 108,Even,WK 10,Warwick
,Cochrane Road,,,MA 01,Sandys
,Cockburn Road,,,MA 01,Sandys
,Cocoa Lane,,,DD 01,St. George's
,Collectors Close,,,FL 01,Smith’s
,Collectors Hill,,,FL 05,Smith’s
,College Cresent,,,PG 04,Paget
,College Drive,,,PG 04,Paget
,College Hill Road,,,DV 08,Devonshire
,College Rise,,,PG 04,Paget
,College Road,,,PG 04,Paget
,Colony Lane,,,SN 04,Southampton
,Colony Valley,,,SN 04,Southampton
,Commonland Point Road,5-13,Odd,CR 01,Hamilton Parish
,Commonland Point Road,2-16,Even,FL 04,Hamilton Parish
,Coney Island Road,4,,CR 04,Hamilton Parish
,Coney Island Road,1 - 3,Odd,CR 04,St. George's
,Coney Island Road East,,,CR 04,Hamilton Parish
,Constable Close,,,SB 04,Southampton
,Constance Crescent,,,WK 06,Warwick
,Constitution Road,,,SB 02,Sandys
,Controversy Lane,,,HM 02,Pembroke
,Convict Bay Lane,,,GE 05,Town of St. George
,Cooks Hill Lane,,,MA 05,Sandys
,Cooks Hill Road,,,MA 05,Sandys
,Cooper's Island Road,,,DD 03,St. George's
,Coot Pond Road,,,GE 03,Town of St. George
,Coral Acres Drive,,,SB 04,Southampton
,Coral Hill Lane,,,WK 10,Warwick
,Corkscrew Hill,,,HM 19,Devonshire
,Corn Cob Alley,,,SN 02,Southampton
,Corregidor Avenue,,,DD 03,St. George's
,Cotswold Lane,,,FL 05,Smith’s
,Cottage Hill Lane,22,,CR 02,Hamilton Parish
,Cottage Hill Lane,1-35,Odd,CR 03,Hamilton Parish
,Cottage Hill Lane,10-12,Even,CR 03,Hamilton Parish
,Cottage Hill Road,22,,CR 02,Hamilton Parish
,Cottage Hill Road,7-39,Odd,CR 03,Hamilton Parish
,Cottage Hill Road,2-24,Even,CR 03,Hamilton Parish
,Cottage Hill Road West,,,CR 02,Hamilton Parish
,Court Street,18-34,Even,HM 10,City of Hamilton
,Court Street,29-47,Odd,HM 10,City of Hamilton
,Court Street,40-46,Even,HM 12,City of Hamilton
,Street,Building #,O/E/A,Postal Code,Parish
,Court Street,53-83,Odd,HM 12,City of Hamilton
,Court Street,4-16,Even,HM 17,City of Hamilton
,Court Street,5-21,Odd,HM 17,City of Hamilton
,Cove Point Lane,,,HM 01,Pembroke
,Cove Valley Close,,,DD 02,St. George's
,Cove Valley Drive,,,DD 02,St. George's
,Cove Valley Lane,,,DD 02,St. George's
,Cove Valley Road,,,DD 02,St. George's
,Cox’s Drive,,,HM 03,Pembroke
,Cox’s Hill Road,,,HM 04,Pembroke
,Cox’s Lane,,,HM 02,Pembroke
,Crada Glen,,,PG 03,Paget
,Craddock Road,,,MA 01,Sandys
,Crane Lane,,,HM 14,Pembroke
,Crawl Hill Pass,,,CR 03,Hamilton Parish
,Crawl Point Lane,,,CR 02,Hamilton Parish
,Crawl Point Lane West,,,CR 02,Hamilton Parish
,Creek View Lane,,,HM 02,Pembroke
,Crest View Road,,,FL 07,Smith’s
,Crestwood Drive,,,HM 01,Pembroke
,Cricket Lane,,,MA 03,Sandys
,Crisson Avenue,2-14,Even,HM 19,Pembroke
,Crisson Avenue,1-17,Odd,HM 20,Pembroke
,Cross Bay Road,,,SN 02,Southampton
,Cross End Lane,,,WK 05,Warwick
,Crossfield Drive,,,MA 03,Sandys
,Crossfield Lane,,,MA 03,Sandys
,Crossland Lane,,,HM 15,Pembroke
,Crosswinds Drive,,,SB 02,Sandys
,Crow Lane,35,,HM 19,Devonshire
,Crow Lane,46,,HM 19,Devonshire
,Crow Lane,4-42,Even,HM 19,Pembroke
,Crow Lane,1-25,Odd,HM 19,Pembroke
,Crow Valley,,,FL 03,Smith’s
,Crown Hill,,,SN 03,Southampton
,Crown Hill Lane,,,DV 01,Devonshire
,Crown Lane,,,WK 06,Warwick
,Crows Nest Hill,,,CR 04,Hamilton Parish
,Crystal Cave Road,,,CR 04,Hamilton Parish
,Curtis Lane,,,MA 02,Sandys
,Curving Avenue,1-35,Odd,HM 17,Pembroke
,Curving Avenue,49,,HM 18,Pembroke
,Curving Avenue,2-48,Even,HM 19,Pembroke
,Curving Court,,,HM 19,Pembroke
,Customs Square,,,GE 05,Town of St. George
,Cut Road,,,GE 04,Town of St. George
,Cut Wharf Drive,,,MA 01,Sandys
,Daisyfield Drive,,,MA 05,Sandys
,Daniel’s Head Lane,,,MA 03,Sandys
,Daniel’s Head Road,,,MA 03,Sandys
,Dariel Gardens,,,MA 04,Sandys
,Darrell Island,,,WK 04,Warwick
,Darrell’s Oval,,,HS 01,Smith’s
,Davis Drive,,,MA 05,Sandys
,Deep Bay Lane,,,HM 03,Pembroke
,Deepdale Road East,,,HM 18,Pembroke
,Deepdale Road West,,,HM 18,Pembroke
,Deepwood Drive,,,HM 05,Pembroke
,Street,Building #,O/E/A,Postal Code,Parish
,Delta Island,,,WK 04,Warwick
,DeMello Reach,,,GE 01,St. George's
,Derwent Lane,,,HM 16,Devonshire
,Derwent Lane South,,,HM 16,Devonshire
,Desilva Close,,,HM 07,Pembroke
,Desilva Drive,,,WK 10,Warwick
,Devil’s Hole Hill,,,HS 01,Smith’s
,Devon Heights Close,,,DV 08,Devonshire
,Devon Heights Road,,,DV 08,Devonshire
,Devon Lane,,,DV 01,Devonshire
,Devon Point Lane,,,FL 05,Devonshire
,Devon Spring Lane,,,FL 01,Devonshire
,Devon Spring Road,1-53,Odd,DV 08,Devonshire
,Devon Spring Road,2-50,Even,FL 01,Devonshire
,Devondale Drive,,,DV 07,Devonshire
,Devonshire Bay Road,,,DV 07,Devonshire
,Dill Lane,,,DV 07,Devonshire
,Dock Hill,2-20,Even,DV 01,Devonshire
,Dock Hill,1-15,Odd,DV 05,Devonshire
,Dockyard Terrace,,,MA 01,Sandys
,Doctors Island,,,PG 01,Paget
,Doctors Lane,,,CR 01,Hamilton Parish
,Dolly’s Bay Lane,,,DD 01,St. George's
,Dolly’s Bay Road,,,DD 01,St. George's
,Dolphin Drive,,,CR 04,Hamilton Parish
,Dolphin Ridge,,,SN 02,Southampton
,Doubloon Lane,,,HM 01,Pembroke
,Douglas Close,,,FL 01,Devonshire
,Douglas Drive,,,HS 01,Smith’s
,Douglas Heights,,,HM 04,Pembroke
,Downing Lane,,,WK 09,Warwick
,Ducks Puddle Drive,,,CR 04,Hamilton Parish
,Dudley Hill,,,PG 02,Paget
,Dudley Lane,,,PG 02,Paget
,Duerden Lane,,,SB 02,Sandys
,Dundonald Street,7-65,Odd,HM 10,City of Hamilton
,Dundonald Street,2 - 6,Even,HM 10,City of Hamilton
,Dundonald Street,16-64,Even,HM 12,City of Hamilton
,Dundonald Street West,,,HM 09,City of Hamilton
,Dunscombe Lane,,,HM 07,Pembroke
,Dunscombe Road,,,WK 10,Warwick
,Dutton Ave,,,HM 09,Pembroke
,Earl's Lane,,,FL 05,Smith’s
,Easedale Lane,,,WK 10,Warwick
,East Avenue,,,SN 03,Southampton
,East Gate Lane,,,HM 14,Pembroke
,East Lane,,,GE 04,St. George's
,East Park Lane,,,HM 07,Pembroke
,East Point Lane,,,FL 04,Hamilton Parish
,East Shore Close,,,MA 01,Sandys
,East Shore Drive,,,MA 02,Sandys
,East Shore Road,3-13,Odd,MA 01,Sandys
,East Shore Road,2-44,Even,MA 02,Sandys
,East Shore Road,21-23,Odd,MA 02,Sandys
,Eastdale Lane,,,WK 01,Southampton
,Easting Lane,,,WK 09,Warwick
,Echo Lane,,,GE 01,St. George's
,Edgehill Drive,,,PG 03,Paget
,Street,Building #,O/E/A,Postal Code,Parish
,Edgeway Lane,,,HM 15,Pembroke
,Elizabeth Hills Park,,,HM 19,Pembroke
,Elizabeth Hills Road,,,HM 19,Pembroke
,Ella Crescent,,,WK 10,Warwick
,Elliott Street,5-29,Odd,HM 10,City of Hamilton
,Elliott Street,4-48,Even,HM 10,City of Hamilton
,Elliott Street,45-49,Odd,HM 17,City of Hamilton
,Elliott Street West,,,HM 09,City of Hamilton
,Elm Lane,,,SB 02,Sandys
,Ely's Harbour,,,SB 01,Sandys
,Emily’s Bay Lane,,,DD 01,St. George's
,Endsmeet,,,FL 02,Devonshire
,Epsilon Island,,,WK 04,Warwick
,Eta Island,,,WK 04,Warwick
,Ettrick Lee Drive,,,WK 06,Warwick
,Euclid Avenue,,,HM 09,Pembroke
,Eustace Close,,,SB 04,Southampton
,Evans Bay Lane,,,SB 04,Southampton
,Evans Bay Road,3 - 9,Odd,SB 02,Southampton
,Evans Bay Road,4,,SB 04,Southampton
,Eves Hill Lane,,,HM 07,Pembroke
,Ewing Street,,,HM 17,City of Hamilton
,Factory Lane,,,HM 14,Pembroke
,Fagans Alley,,,HM 12,City of Hamilton
,Fairfield Close,,,CR 03,Hamilton Parish
,Fairhaven Lane,,,SB 01,Sandys
,Fairmount Drive,,,SN 03,Southampton
,Fairpoint Gardens,,,HM 05,Pembroke
,Fairway Drive,,,WK 09,Warwick
,Fairways Road,,,WK 04,Warwick
,Fairyland Lane,,,HM 05,Pembroke
,Fairyland Road,2-18,Even,HM 05,Pembroke
,Fairyland Road,1 - 9,Odd,HM 06,Pembroke
,Faraway,,,WK 08,Warwick
,Farm Lane,,,CR 03,Hamilton Parish
,Farm Lane,,,WK 05,Warwick
,Farm View Lane,,,WK 05,Warwick
,Farmer’s Lane,,,WK 04,Warwick
,Farmstead Lane,,,SB 01,Sandys
,Farthingale Drive,,,CR 01,Hamilton Parish
,Featherbed Alley,,,GE 05,Town of St. George
,Federal Street,,,DD 03,St. George's
,Fem Island,,,WK 04,Warwick
,Fentons Drive,,,HM 17,Pembroke
,Ferguson Park,,,DD 03,St. George's
,Fern Crescent,,,PG 03,Paget
,Ferrars Close,,,HM 08,Pembroke
,Ferrars Lane,,,HM 08,Pembroke
,Ferry Close,,,GE 01,St. George's
,Ferry Cove,,,DD 03,St. George's
,Ferry Drive,,,GE 01,St. George's
,Ferry Lane,,,MA 01,Sandys
,Ferry Road,,,GE 01,St. George's
,Ferry Street,,,DD 03,St. George's
,Fiddlewood Drive,,,WK 08,Warwick
,Field View Lane,1-17,Odd,HM 18,Pembroke
,Field View Lane,2-18,Even,HM 18,Pembroke
,Field View Lane,1 - 5,Odd,HM 19,Pembroke
,Street,Building #,,O/E/A,Postal Code,Parish
,Field View Lane,4,- 6,Even,HM 19,Pembroke
,Field View Lane,7,- 23,Odd,HM 20,Pembroke
,Field View Lane,10-34,,Even,HM 20,Pembroke
,Field View Lane,1,,,SB 02,Sandys
,Field View Lane,2,- 4,Even,SB 02,Sandys
,Fielders Lane,,,,FL 06,Smith’s
,First Avenue,35 -54,,,DV 03,Devonshire
,First Avenue,1,- 8,Even,HM 19,Pembroke
,First Avenue,25-31,,Odd,HM 20,Devonshire
,First Avenue,36,,,HM 20,Devonshire
,First Avenue,7,,,HM 20,Pembroke
,First Avenue,10-34,,,HM 20,Pembroke
,First Avenue,,,,WK 02,Warwick
,First Church Lane,,,,HM 14,Pembroke
,Fishermans Hill,,,,CR 04,Hamilton Parish
,Five Star Island,,,,SN 01,Southampton
,Flat Rock Close,,,,HM 01,Pembroke
,Flat Rock Lane,,,,HM 01,Pembroke
,Floral Lane,,,,GE 04,St. George's
,Flowercote Lane,,,,FL 06,Smith’s
,Footbridge Lane,,,,HM 14,Pembroke
,Foothills Road,6,- 14,Even,DV 05,Devonshire
,Foothills Road,9,- 15,Odd,DV 05,Devonshire
,Foothills Road,1,- 7,Odd,FL 03,Devonshire
,Foothills Road,2,- 4,Even,FL 03,Devonshire
,Footpath Lane,,,,HM 14,Pembroke
,Forest Hill Drive,,,,WK 08,Warwick
,Fork Lane,,,,SN 04,Southampton
,Fort George Drive,,,,GE 02,Town of St. George
,Fort George Hill,,,,GE 02,Town of St. George
,Fort George Lane,,,,GE 02,Town of St. George
,Fort Hamilton Drive,,,,HM 19,Pembroke
,Fort Hill Road,,,,DV 02,Devonshire
,Fort Lane,,,,GE 04,St. George's
,Fourth Avenue,9,- 19,Odd,HM 20,Devonshire
,Fourth Avenue,10-18,,Even,HM 20,Devonshire
,Fourth Avenue,1,- 7,Odd,HM 20,Pembroke
,Fourth Avenue,2,- 8,Even,HM 20,Pembroke
,Fractious Drive,,,,CR 04,Hamilton Parish
,Fractious Street,,,,CR 04,Hamilton Parish
,Frascati Lane,,,,FL 04,Smith’s
,Freeport Drive,,,,MA 01,Sandys
,Friendly Lane,,,,MA 05,Sandys
,Friswells Lane,,,,HM 16,Pembroke
,Friswells Road,37-67,,Odd,HM 15,Devonshire
,Friswells Road,54-60,,Even,HM 15,Devonshire
,Friswells Road,2,- 52,Even,HM 15,Pembroke
,Friswells Road,1,- 35,Odd,HM 16,Pembroke
,Frith Estate Road,,,,WK 02,Warwick
,Frithcote Lane,,,,WK 09,Warwick
,Fritholme Gardens,,,,PG 04,Paget
,Friths Farm Road,,,,PG 03,Paget
,Frog Lane,,,,DV 02,Devonshire
,Frolic Lane,,,,SN 04,Southampton
,Front Street,1,- 63,Odd,HM 11,City of Hamilton
,Front Street,2,- 10,Even,HM 11,City of Hamilton
,Front Street,24-40,,Even,HM 12,City of Hamilton
,Front Street,65 - 133,,Odd,HM 12,City of Hamilton
,Street,Building #,O/E/A,Postal Code,Parish
,Front Street,50,,HM 19,City of Hamilton
,Front Street,135 - 137,Odd,HM 19,City of Hamilton
,Fruitland Lane,,,HM 13,Pembroke
,Gables Lane,,,DV 07,Devonshire
,Gamma Island,,,WK 04,Warwick
,Garden Drive,,,DV 04,Paget
,Garden Lane,,,DV 04,Paget
,Garden Path,,,SN 02,Southampton
,Garthowen Road,,,DV 07,Devonshire
,Gatehead Lane,1 -15,Odd,FL 06,Smith’s
,Gatehead Lane,2-10,Even,FL 07,Smith’s
,Gatehouse Lane,,,SB 02,Sandys
,Gatehouse Park,,,SB 02,Sandys
,George’s Bay Drive,,,SB 02,Sandys
,George’s Bay Lane,,,SB 02,Sandys
,George’s Bay Road,,,SB 02,Sandys
,Gibbons Drive,,,SB 01,Sandys
,Gibbons Quay,,,SB 01,Sandys
,Gibbs Hill Road,,,SN 02,Southampton
,Gilbert Hill,,,FL 05,Smith’s
,Gilbert Lane,,,MA 03,Sandys
,Glebe Hill,,,HS 02,Hamilton Parish
,Glebe Hill,,,HS 02,St. George
,Glebe Lane,,,DV 01,Devonshire
,Glen Court,,,PG 01,Warwick
,Glendon Drive,,,HS 02,Hamilton Parish
,Glenwood Park Crescent,,,WK 08,Warwick
,Glenwood Park Lane,,,WK 08,Warwick
,Goat Island,,,HM 05,Pembroke
,Gorham Road,,,HM 08,Pembroke
,Gospel Lane,,,HM 14,Pembroke
,Government Hill Road,,,GE 03,Town of St. George
,Governors Alley,,,GE 05,Town of St. George
,Grace Island,,,WK 04,Warwick
,Grace Lane,,,HM 14,Pembroke
,Grace’s Lane (St. George),,,DD 03,St. George's
,Granaway Drive,,,SB 04,Southampton
,Granaway Heights Road,,,SB 04,Southampton
,Granaway Lane,,,SB 04,Southampton
,Grandstand Lane,,,MA 03,Sandys
,Grape Bay Drive,,,PG 06,Paget
,Grasmere Road,,,HM 05,Pembroke
,Grayridge Drive,,,PG 06,Paget
,Great Bay Road,,,DD 02,St. George's
,Great Oswego Island,,,DD 01,St. George's
,Green Acres Road,,,DV 08,Devonshire
,Green Bay Close,,,FL 04,Hamilton Parish
,Green Bay Lane,,,HM 01,Pembroke
,Green Bay Road,,,FL 04,Hamilton Parish
,Green Hill Lane,,,FL 02,Smith’s
,Green View Lane,,,FL 05,Smith’s
,Greendale Lane,,,WK 03,Warwick
,Greenfield Lane,,,MA 03,Sandys
,Greenwich Lane,,,DV 02,Devonshire
,Grenadier Lane,,,GE 03,Town of St. George
,Grosvenor Court,,,HM 19,Pembroke
,Grotto View Hill,,,HS 02,Smith’s
,Gwelly Lane,,,MA 05,Sandys
,Street,Building #,,,O/E/A,Postal Code,Parish
,Gymnasium Road,,,,,DV 02,Devonshire
,Ha’Penny Lane,,,,,SB 03,Southampton
,Halcyon Lane,,,,,HM 06,Pembroke
,Halfway Lane,,,,,FL 08,Smith’s
,Hall Street,,,,,DD 03,St. George's
,Hallelu Lane,,,,,PG 03,Paget
,Hallett Crescent,,,,,HM 13,Pembroke
,Hampton Head Court,,,,,SN 04,Southampton
,Hamptons Lane,,,,,SN 02,Southampton
,Happy Dale Road,,,,,HM 18,Devonshire
,Happy Talk Drive,,,,,DV 04,Paget
,Happy Talk Lane,,,,,DV 04,Paget
,Happy Valley Lane,,,,,HM 19,Pembroke
,Happy Valley Road,66,,- 78,Even,DV 03,Devonshire
,Happy Valley Road,47,,- 49,Odd,HM 18,Devonshire
,Happy Valley Road,19,,- 45,Odd,HM 18,Pembroke
,Happy Valley Road,2,- 28,,Even,HM 19,Pembroke
,Happy Valley Road,5,- 17,,Odd,HM 19,Pembroke
,Happy Valley Road,52,,- 64,Even,HM 20,Devonshire
,Happy Valley Road,36,,- 50,Even,HM 20,Pembroke
,Harbour Drive,,,,,HS 02,Hamilton Parish
,Harbour Road,1,- 11,,Odd,PG 01,Paget
,Harbour Road,2,- 22,,Even,PG 01,Paget
,Harbour Road,100 - 116,,,Even,PG 01,Warwick
,Harbour Road,67,,- 121,Odd,PG 01,Warwick
,Harbour Road,13,,- 63,Odd,PG 02,Paget
,Harbour Road,30,,- 90,Even,PG 02,Paget
,Harbour Road,67,,- 83,Odd,PG 05,Paget
,Harbour Road,92,,- 148,Even,PG 05,Paget
,Harbour Road,1,- 47,,Odd,WK 04,Warwick
,Harbour Road,2,- 16,,Even,WK 04,Warwick
,Harbour Road,24,,- 36,Even,WK 05,Warwick
,Harbour Road,48,,- 98,Even,WK 06,Warwick
,Harbour View Drive,109 - 119,,,Odd,SN 02,Southampton
,Harbour View Drive,1,- 5,,Odd,SN 03,Southampton
,Harlem Heights Road,,,,,CR 04,Hamilton Parish
,Harmony Close,,,,,PG 03,Paget
,Harrincourt,,,,,FL 07,Smith’s
,Harrington Hundreds Road,14,,- 44,Even,FL 06,Smith’s
,Harrington Hundreds Road,2,- 12,,Even,FL 07,Smith’s
,Harrington Hundreds Road,1,- 49,,Odd,FL 08,Smith’s
,Harrington Sound Lane,,,,,FL 07,Smith’s
,Harrington Sound Road,33,,- 63,Odd,CR 04,Hamilton Parish
,Harrington Sound Road,46,,- 68,Even,CR 04,Hamilton Parish
,Harrington Sound Road,2,- 42,,Even,FL 07,Smith’s
,Harrington Sound Road,5,- 31,,Odd,FL 07,Smith’s
,Harrington Sound Road,41,,- 51,Odd,FL 08,Smith’s
,Harrington Sound Road,44,,- 82,Even,FL 08,Smith’s
,Harrington Sound Road,55,,- 71,Odd,HS 01,Smith’s
,Harrington Sound Road,84,,- 102,Even,HS 01,Smith’s
,Harrington Sound Road,1,- 23,,Odd,HS 02,Hamilton Parish
,Harrington Sound Road,10,,- 36,Even,HS 02,Hamilton Parish
,Harrington Sound Road,106 - 126,,,Even,HS 02,Smith’s
,Harrington Sound Road,75,,- 123,Odd,HS 02,Smith’s
,Harrington Sound Road,,,,,HS 02,St. George's
,Hartle Drive,,,,,MA 04,Sandys
,Harvest Lane,,,,,CR 01,Hamilton Parish
,Harvey Hill Road,,,,,FL 01,Smith’s
,Street,Building #,O/E/A,Postal Code,Parish
,Harvey Lane,,,MA 06,Sandys
,Harvey Road,,,PG 04,Paget
,Hastings Road,,,HM 05,Pembroke
,Haven Way,,,MA 04,Sandys
,Hawkins Island,,,WK 04,Warwick
,Hawthorn Lane,,,SN 04,Southampton
,Hayward Drive,,,DD 01,St. George's
,Hayward Road,,,DD 01,St. George's
,Headquarters Hill,,,DV 02,Devonshire
,Heath Lane,,,MA 06,Sandys
,Heathcote Drive,,,MA 06,Sandys
,Heathcote Hill,,,MA 06,Sandys
,Hedgerow Lane,,,GE 04,St. George's
,Hen Island,,,DD 01,St. George's
,Henry Vale,,,PG 01,Warwick
,Henry’s Hill Road,,,CR 04,Hamilton Parish
,Heritage Lane,,,MA 02,Sandys
,Hermitage Close,,,FL 01,Smith’s
,Hermitage Lane,,,FL 01,Smith’s
,Hermitage Road,2-22,Even,FL 01,Devonshire
,Hermitage Road,26-30,Even,FL 01,Smith’s
,Hermitage Road,3-29,Odd,FL 02,Devonshire
,Hermitage Road,31-43,Odd,FL 02,Smith’s
,Heron View Lane,,,SN 04,Southampton
,Herons Nest Drive,,,SN 04,Southampton
,Hesitation Lane,,,DV 03,Devonshire
,Hexham Drive,,,HS 02,Hamilton Parish
,Heydon Drive,,,MA 06,Sandys
,Heydon Gardens,,,MA 06,Sandys
,Heydon Lane,,,MA 06,Sandys
,Heydon Road,,,MA 01,Sandys
,Hibiscus Lane,7,,HM 19,Pembroke
,Hibiscus Lane,6 - 8,Even,HM 20,Pembroke
,Hidden Cove Lane,,,CR 04,Hamilton Parish
,Hidden Cove Road,,,HS 01,Smith’s
,Hidden Lane,,,HM 06,Pembroke
,Hidden Valley,,,GE 03,Town of St. George
,Higgs Bay Road,,,DD 03,St. George's
,High Knoll Lane,,,HS 01,Smith’s
,High Point Lane,,,DV 01,Devonshire
,High Point Lane,,,SN 01,Southampton
,High Point Road,1-23,Odd,HM 01,Pembroke
,High Point Road,6 - 8,Even,HM 01,Pembroke
,High Point Road,31,,HM 02,Pembroke
,High Point Road,30,,SN 01,Southampton
,High Point Road,3,,SN 01,Southampton
,High View Lane,,,SN 01,Southampton
,Highland Road,,,CR 04,Hamilton Parish
,Hightime Drive,,,SB 04,Southampton
,Highwood Lane,,,PG 05,Paget
,Hill Crescent,,,HM 02,Pembroke
,Hillsdale,,,FL 02,Smith’s
,Hillsdale Avenue,,,HM 20,Pembroke
,Hilltop Court,,,SN 01,Southampton
,Hilltop Drive,,,CR 03,Hamilton Parish
,Hilltop Drive,,,SN 01,Southampton
,Hillview Lane,,,WK 05,Warwick
,Hillview Road,,,WK 05,Warwick
,Street,Building #,O/E/A,Postal Code,Parish
,Hilton Drive,,,PG 04,Paget
,Hinson Island,,,PG 01,Paget
,Hinson Lane,,,FL 02,Smith’s
,Hogfish Hill,,,FL 08,Smith’s
,Holly Lane,,,FL 04,Smith’s
,Home Port Drive,,,FL 04,Hamilton Parish
,Homestead Lane,,,SB 04,Southampton
,Honey Hill Drive,,,PG 04,Paget
,Honeysuckle Lane,,,MA 02,Sandys
,Hook ‘n Ladder Lane,,,MA 03,Sandys
,Hope Land,,,WK 10,Warwick
,Horseshoe Close,,,SN 04,Southampton
,Horseshoe Lane,,,WK 01,Southampton
,Horseshoe Road,54-62,Even,SN 03,Southampton
,Horseshoe Road,2-52,Even,SN 04,Southampton
,Horseshoe Road,1-49,Odd,WK 01,Southampton
,Hungry Bay Lane,,,DV 04,Paget
,Huntley Lane,,,MA 03,Sandys
,Hurst Crescent,,,HM 07,Pembroke
,Idle Acres Road,,,FL 06,Smith’s
,Idlewood Drive,,,CR 01,Hamilton Parish
,Industrial Park Road,,,SB 04,Southampton
,Inghams Drive,,,HM 04,Pembroke
,Inghams Vale,,,HM 04,Pembroke
,Inglewood Lane,,,PG 06,Paget
,Inland Lane,,,HM 03,Pembroke
,Inwood Close,,,PG 05,Paget
,Inwood Drive,,,PG 05,Paget
,Inwood Mews,,,PG 05,Paget
,Iona Lane,,,CR 01,Hamilton Parish
,Iota Island,,,WK 04,Warwick
,Irenee’s Lane,,,DD 03,St. George's
,Jack’s Road,,,DD 03,St. George's
,Jackie’s Castle Lane,,,DD 03,St. George's
,Jackson Drive,,,DV 06,Devonshire
,Jacobs Lane,,,HM 18,Pembroke
,Jacobs Point Drive,,,DD 01,St. George's
,Jacobs Point Road,,,DD 01,St. George's
,Jennings Bay Road,,,SB 04,Southampton
,Jennings Road,2-62,Even,FL 03,Smith’s
,Jennings Road,3-25,Odd,FL 04,Smith’s
,Joells Alley,,,HM 12,City of Hamilton
,Jones Lane,,,PG 01,Warwick
,Jones Village Lane,,,WK 07,Warwick
,Jubilee Road,,,DV 06,Devonshire
,Judkin Lane,7-17,Odd,HS 02,Hamilton Parish
,Judkin Lane,,,HS 02,Smith’s
,Junction Lane,,,DV 01,Devonshire
,Juniper Hill Drive,,,HM 13,Pembroke
,Kantcida Point Lane,,,DD 01,St. George's
,Keith Hall Estate Road,,,WK 09,Warwick
,Keith Hall Lane,,,WK 06,Warwick
,Keith Hall Road,,,PG 01,Warwick
,Keith Hall Road,,,WK 06,Warwick
,Kelland Circle,27-29,Odd,WK 01,Warwick
,Kelland Circle,1-35,Odd,WK 10,Warwick
,Kelly Street,,,DD 03,St. George's
,Kent Avenue,4-20,Even,DV 04,Devonshire
,Street,Building #,,O/E/A,Postal Code,Parish
,Kent Avenue,5,- 13,Odd,DV 07,Devonshire
,Kent Lane,,,,DV 07,Devonshire
,Kent Street,,,,GE 05,Town of St. George
,Keybay Lane,,,,HM 05,Pembroke
,Khyber Heights Lane,,,,WK 07,Warwick
,Khyber Heights Road,2,,,WK 02,Warwick
,Khyber Heights Road,1,- 7,Odd,WK 07,Warwick
,Khyber Heights Road,4,- 22,Even,WK 07,Warwick
,Khyber Pass,3,- 9,Odd,GE 02,Town of St. George
,Khyber Pass,23-27,,Odd,GE 03,Town of St. George
,Khyber Pass,4,- 18,Even,WK 03,Warwick
,Khyber Pass,1,- 17,Odd,WK 07,Warwick
,Kilderry Close,,,,FL 02,Smith’s
,Kilderry Drive,,,,FL 02,Smith’s
,Kilderry Lane,,,,FL 02,Smith’s
,Kindley Field Road,,,,DD 03,St. George's
,King Street,,,,GE 05,Town of St. George
,King Street,18-30,,Even,HM 10,City of Hamilton
,King Street,36-70,,Even,HM 12,City of Hamilton
,King Street,7,- 15,Odd,HM 17,Pembroke
,King Street,21-63,,Odd,HM 19,City of Hamilton
,King Street,25-43,,Odd,HM 19,Pembroke
,Kings Court,,,,HM 19,Pembroke
,Kings Gate Lane,,,,HM 04,Pembroke
,Kings Lane North,,,,WK 07,Warwick
,Kings Lane South,,,,WK 07,Warwick
,Kings Point Road,,,,MA 02,Sandys
,Kings Square,,,,GE 05,Town of St. George
,Kirkdale Drive,,,,WK 06,Warwick
,Kiskadee Drive,,,,CR 01,Hamilton Parish
,Kiskadee Lane,,,,MA 06,Sandys
,Kitchener Close,,,,MA 01,Sandys
,Kitchener Road,,,,MA 01,Sandys
,Kitty’s Drive,,,,CR 04,Hamilton Parish
,Kitty’s Lane,,,,CR 04,Hamilton Parish
,Knapton Close,,,,HS 01,Smith’s
,Knapton Crescent,,,,FL 08,Smith’s
,Knapton Estates Road,4,- 34,Even,FL 08,Smith’s
,Knapton Estates Road,1,- 47,Odd,HS 01,Smith’s
,Knapton Estates Road,36-56,,Even,HS 01,Smith’s
,Knapton Hill,1,- 9,Odd,FL 06,Smith’s
,Knapton Hill,2,- 18,Even,FL 06,Smith’s
,Knapton Hill,11-45,,Odd,FL 08,Smith’s
,Knapton Hill,22-28,,Even,FL 08,Smith’s
,Knapton Hill,30-56,,Even,HS 01,Smith’s
,Knapton Lane,,,,FL 06,Smith’s
,Laffan Street,,,,HM 09,City of Hamilton
,Lagoon Drive,,,,DV 04,Paget
,Lagoon Road,,,,MA 01,Sandys
,Lamas Close,,,,DV 08,Devonshire
,Lamas Drive,,,,DV 08,Devonshire
,Landmark Drive,,,,SB 04,Southampton
,Lane Hill,,,,HM 19,Pembroke
,Lang Lane,,,,DD 01,St. George's
,Langton Hill,14,,,HM 09,Pembroke
,Langton Hill,3,- 15,Odd,HM 13,Pembroke
,Langton Lane,,,,HM 13,Pembroke
,Lantana Road,,,,MA 06,Sandys
,Street,Building #,,O/E/A,Postal Code,Parish
,Lapsley Lane,,,,MA 02,Sandys
,Laurel Lane,,,,DV 04,Paget
,Laurel Lane,,,,MA 02,Sandys
,Leacraft Hill Road,,,,SB 03,Southampton
,Leafy Way,,,,DV 03,Paget
,Leamington Lane,,,,CR 04,Hamilton Parish
,Ledgelets Drive,,,,MA 06,Sandys
,Ledgelets Lane,,,,MA 06,Sandys
,Leeside Drive,,,,HM 05,Pembroke
,Leeson Lane,,,,DV 07,Devonshire
,Leith Hill Lane,,,,WK 03,Warwick
,Lemarc Estate,,,,WK 03,Warwick
,Lemon Grove Road,,,,CR 01,Hamilton Parish
,Letitia Drive,,,,SB 03,Sandys
,Lightbourn Drive,,,,WK 03,Warwick
,Lightbourne Lane,,,,FL 02,Smith’s
,Lighthouse Hill,8,- 24,Even,DD 01,St. George's
,Lighthouse Hill,5,- 33,Odd,DD 02,St. George's
,Lighthouse Lane,,,,SN 02,Southampton
,Lighthouse Road,2,- 30,Even,SN 02,Southampton
,Lighthouse Road,9,- 25,Odd,SN 02,Southampton
,Lighthouse Road,1,- 5,Odd,SN 03,Southampton
,Lily Park Lane,,,,GE 04,Town of St. George
,Limehouse Lane,,,,CR 03,Hamilton Parish
,Lines Estate Road,,,,DV 06,Devonshire
,Link Lane,,,,CR 03,Hamilton Parish
,Lismore Lane,,,,HM 09,Pembroke
,Little Oswego Island,,,,DD 01,St. George's
,Littleholme Lane,,,,SN 02,Southampton
,Locust Lane,,,,DV 07,Devonshire
,Lodge Point Lane,,,,MA 01,Sandys
,Lolly’s Lane,,,,FL 07,Smith’s
,Lolly’s Well Road,3,- 37,Odd,FL 07,Smith’s
,Lolly’s Well Road,2,- 12,Even,FL 07,Smith’s
,Lolly's Well Road,39-47,,Odd,FL 06,Smith’s
,Lone Palm Drive,,,,HM 05,Pembroke
,Long Bay Lane,3,- 43,Odd,MA 03,Sandys
,Long Bay Lane,6,- 44,Even,MA 03,Sandys
,Long Bay Lane,30-42,,Even,MA 04,Sandys
,Long Bay Place,,,,WK 02,Warwick
,Long Island,,,,WK 04,Warwick
,Long Lane,,,,HM 01,Pembroke
,Long Lane,,,,HS 02,Hamilton Parish
,Long Lane,,,,HS 02,St. George's
,Long Point Lane,,,,MA 05,Sandys
,Long Range Hill,,,,DV 05,Devonshire
,Long Ridge Pass,,,,DV 01,Devonshire
,Longfield Road,,,,DD 03,St. George's
,Longford Road,,,,WK 06,Warwick
,Longtail Drive,,,,WK 02,Warwick
,Lookout Lane,,,,DV 05,Devonshire
,Loquat Lane,,,,FL 08,Smith’s
,Lorraine Drive,1,- 5,Odd,WK 05,Warwick
,Lorraine Drive,4,,,WK 06,Warwick
,Lovers Lane,,,,PG 05,Paget
,Lower Gates Road,,,,DD 03,St. George's
,Loyal Hill Crescent,,,,DV 05,Devonshire
,Loyal Hill Pass,6,- 22,Even,DV 05,Devonshire
,Street,Building #,,O/E/A,Postal Code,Parish
,Loyal Hill Pass,1,- 27,Odd,FL 03,Devonshire
,Loyal Hill Pass,2,- 4,Even,FL 03,Devonshire
,Loyal Hill Road,2,- 34,Even,DV 05,Devonshire
,Loyal Hill Road,5,- 39,Odd,DV 05,Devonshire
,Loyal Hill Road,1,- 3,Odd,FL 03,Devonshire
,Loyalty Drive,,,,MA 01,Sandys
,Loyalty Estate,,,,MA 01,Sandys
,Lukes Pond Drive,,,,SB 04,Southampton
,Lukes Pond Road,,,,SB 04,Southampton
,Lulworth Lane,,,,HM 05,Pembroke
,Lusher Hill East,,,,WK 03,Warwick
,Lusher Lane,,,,WK 03,Warwick
,Lynwood Drive,,,,CR 01,Hamilton Parish
,Magnolia Court,,,,MA 05,Sandys
,Main Royal Drive,,,,WK 06,Warwick
,Malabar Close,,,,MA 01,Sandys
,Malabar Road,,,,MA 01,Sandys
,Malva Lane,,,,MA 02,Sandys
,Manderley Mews,,,,WK 04,Warwick
,Mangrove Bay Road,1,- 49,Odd,MA 01,Sandys
,Mangrove Bay Road,8,- 10,Even,MA 01,Sandys
,Mangrove Bay Road,14-22,,Even,MA 02,Sandys
,Mangrove Bay Road,55-79,,Odd,MA 02,Sandys
,Mangrove Lane,,,,MA 01,Sandys
,Manor Hill,,,,PG 01,Warwick
,Manor House Drive,,,,FL 07,Smith’s
,Manse Road,6,,,PG 01,Paget
,Manse Road,1,- 13,Odd,PG 02,Paget
,Margarita Lane,,,,DV 06,Devonshire
,Mariners Lane,,,,HM 02,Pembroke
,Mariposa Drive,3,,,SN 02,Southampton
,Mariposa Drive,1,- 5,Odd,SN 03,Southampton
,Mariposa Drive,2,- 8,Even,SN 03,Southampton
,Maritime Lane,,,,MA 01,Sandys
,Market Lane,,,,HM 07,Pembroke
,Marl Lane,,,,WK 09,Warwick
,Marley Beach Close,,,,WK 08,Warwick
,Marley Beach Drive,,,,WK 08,Warwick
,Marley Beach Lane,,,,WK 08,Warwick
,Marsh Folly Road,1,,,HM 13,Pembroke
,Marsh Folly Road,2,,,HM 13,Pembroke
,Marsh Folly Road,7,- 27,Odd,HM 14,Pembroke
,Marsh Folly Road,22-30,,Even,HM 14,Pembroke
,Marsh Folly Road,6,- 20,Even,HM 15,Pembroke
,Marsh Lane,,,,DV 06,Devonshire
,Marsh Lane,,,,HM 17,City of Hamilton
,Marshall Island,,,,WK 05,Warwick
,Mary Victoria Road,,,,DV 02,Devonshire
,Masters Mews,,,,WK 10,Warwick
,Matthews Lane,,,,PG 04,Paget
,Mayflower Drive,,,,DV 07,Devonshire
,McGall’s Bay Close,,,,FL 05,Smith’s
,McGall’s Bay Drive,,,,FL 05,Smith’s
,McGall’s Bay Lane,,,,FL 05,Smith’s
,McGall’s Bay Road,,,,FL 05,Smith’s
,McGall’s Hill Court,,,,FL 05,Smith’s
,McKenzie Way,,,,WK 06,Warwick
,Meadow Lane,,,,DV 08,Devonshire
,Street,Building #,,O/E/A,Postal Code,Parish
,Melissa Lane,,,,WK 03,Warwick
,Mellow Sky Lane,,,,PG 03,Paget
,Melville Crescent,,,,DV 07,Devonshire
,Melville Road,,,,DV 07,Devonshire
,Mercury Road,,,,DD 03,St. George's
,Miamba Lane,,,,HM 05,Pembroke
,Mid Ocean Drive,,,,HS 02,St. George's
,Middle Park Lane,,,,HM 07,Pembroke
,Middle Road,15,- 19,Odd,DV 02,Devonshire
,Middle Road,8-64,,Even,DV 03,Devonshire
,Middle Road,5-13,,Odd,DV 03,Devonshire
,Middle Road,12,,,DV 03,Paget
,Middle Road,66,- 68,,DV 03,Paget
,Middle Road,74,,,DV 03,Paget
,Middle Road,78,,,DV 03,Paget
,Middle Road,100 - 140,,Even,DV 06,Devonshire
,Middle Road,29,- 111,Odd,DV 06,Devonshire
,Middle Road,84,- 88,Even,DV 07,Devonshire
,Middle Road,142 - 158,,Even,FL 01,Devonshire
,Middle Road,162 - 172,,Even,FL 02,Devonshire
,Middle Road,2-44,,Even,FL 02,Smith’s
,Middle Road,121,,,FL 03,Devonshire
,Middle Road,1-49,,Odd,FL 03,Smith’s
,Middle Road,102 - 104,,Even,FL 04,Smith’s
,Middle Road,51,- 73,Odd,FL 04,Smith’s
,Middle Road,46,- 92,Even,FL 06,Smith’s
,Middle Road,96,- 100,Even,FL 07,Smith’s
,Middle Road,1 - 5,,Odd,HM 20,Devonshire
,Middle Road,1,,,PG 01,Paget
,Middle Road,9,,,PG 01,Paget
,Middle Road,15,,,PG 01,Paget
,Middle Road,17,,,PG 01,Paget
,Middle Road,111 - 119,,Odd,PG 01,Warwick
,Middle Road,23,- 39,Odd,PG 02,Paget
,Middle Road,43,- 49,Odd,PG 02,Paget
,Middle Road,53,- 63,Odd,PG 02,Paget
,Middle Road,1 - 7,,Odd,PG 03,Paget
,Middle Road,11,,,PG 03,Paget
,Middle Road,14,,,PG 03,Paget
,Middle Road,15,,,PG 03,Paget
,Middle Road,19,- 29,Odd,PG 03,Paget
,Middle Road,33,- 35,Odd,PG 03,Paget
,Middle Road,39,- 55,Odd,PG 03,Paget
,Middle Road,65,- 67,Odd,PG 03,Paget
,Middle Road,71,- 89,Odd,PG 03,Paget
,Middle Road,2 - 8,,Even,PG 03,Paget
,Middle Road,22,,,PG 03,Paget
,Middle Road,26,- 28,Even,PG 03,Paget
,Middle Road,32,-64,Even,PG 03,Paget
,Middle Road,68,- 72,Even,PG 03,Paget
,Middle Road,86,- 108,Even,PG 03,Paget
,Middle Road,8-12,,Even,PG 04,Paget
,Middle Road,16,- 20,Even,PG 04,Paget
,Middle Road,24,- 30,Even,PG 04,Paget
,Middle Road,36,,,PG 04,Paget
,Middle Road,44,- 48,Even,PG 04,Paget
,Middle Road,69,,,PG 05,Paget
,Middle Road,110 - 114,,Even,PG 06,Paget
,Street,Building #,O/E/A,Postal Code,Parish
,Middle Road,2-42,Even,SB 01,Sandys
,Middle Road,1-65,Odd,SB 02,Sandys
,Middle Road,5-49,Odd,SB 02,Southampton
,Middle Road,44-60,Even,SB 03,Sandys
,Middle Road,2-34,Even,SB 03,Southampton
,Middle Road,36-74,Even,SB 04,Southampton
,Middle Road,53-87,Odd,SB 04,Southampton
,Middle Road,78 - 118,Even,SN 01,Southampton
,Middle Road,89 - 145,Odd,SN 01,Southampton
,Middle Road,124 - 168,Even,SN 02,Southampton
,Middle Road,147 - 181,Odd,SN 02,Southampton
,Middle Road,172 - 196,Even,SN 03,Southampton
,Middle Road,183 - 237,Odd,SN 04,Southampton
,Middle Road,200 - 234,Even,SN 04,Southampton
,Middle Road,2-70,Even,WK 03,Warwick
,Middle Road,1-39,Odd,WK 04,Warwick
,Middle Road,39-61,Odd,WK 05,Warwick
,Middle Road,67-91,Odd,WK 06,Warwick
,Middle Road,72-76,Even,WK 07,Warwick
,Middle Road,86-92,Even,WK 08,Warwick
,Middle Road,98 - 132,Even,WK 09,Warwick
,Middle Terrace,,,HM 15,Pembroke
,Middle Town Drive,,,HM 17,Pembroke
,Middle Town Lane,,,HM 17,Pembroke
,Middle Town Road,,,HM 17,Pembroke
,Middleton Lane,,,PG 03,Paget
,Midland Heights Crescent,,,CR 02,Hamilton Parish
,Midsea Lane,,,HM 07,Pembroke
,Mill Creek Lane,,,HM 05,Pembroke
,Mill Creek Road,4-16,Even,HM 02,Pembroke
,Mill Creek Road,1-19,Odd,HM 05,Pembroke
,Mill Point Lane,,,HM 05,Pembroke
,Mill Point Road,,,HM 05,Pembroke
,Mill Reach Lane,,,HM 05,Pembroke
,Mill Reach Road,,,HM 05,Pembroke
,Mill Shares Road,,,HM 05,Pembroke
,Millhouse Bay Lane,,,CR 04,Hamilton Parish
,Mingston Lane,,,DV 06,Devonshire
,Miss Vickey’s Lane,,,DD 03,St. George's
,Mission Crescent,,,PG 06,Paget
,Mission Drive,,,PG 06,Paget
,Mission Heights,,,PG 06,Paget
,Mission House Close,,,DD 03,St. George's
,Mission Lane,,,HM 14,Pembroke
,Mission Lane,,,PG 06,Paget
,Mission Road,2,,PG 04,Paget
,Mission Road,1-29,Odd,PG 06,Paget
,Mizzentop,,,WK 06,Warwick
,Monkey Hole Lane,,,SB 02,Southampton
,Montpelier Road,,,DV 03,Devonshire
,Moongate Lane,,,PG 03,Paget
,Moonlight Lane,,,WK 09,Warwick
,Moores Lane,,,HM 03,Pembroke
,Moorings Cove,,,HM 01,Pembroke
,Morer Estate Road,,,FL 05,Smith’s
,Morgan Hill,,,MA 06,Sandys
,Morgan Lane,,,PG 01,Warwick
,Morgan Mews,,,PG 01,Warwick
,Street,Building #,O/E/A,Postal Code,Parish
,Morgan Road,,,PG 01,Warwick
,Morgan's Bay Park,,,SB 02,Sandys
,Morgans Island,,,MA 06,Sandys
,Morning Glory Drive,,,DV 06,Devonshire
,Morrison Place,,,SB 04,Southampton
,Mount Airy Lane,,,DD 03,St. George's
,Mount Hill,2-44,Even,HM 09,Pembroke
,Mount Hill,1-27,Odd,HM 13,Pembroke
,Mount Hill Mews,,,HM 13,Pembroke
,Mount Hope Lane,,,FL 06,Smith’s
,Mount Langton Cresent,,,HM 13,Pembroke
,Mount Pleasant Road,,,MA 02,Sandys
,Mount Road,,,DD 01,St. George's
,Mount View Road,7-11,Odd,HM 03,Pembroke
,Mount View Road,2-30,Even,HM 04,Pembroke
,Mount View Road,25-37,Odd,HM 04,Pembroke
,Mount Wyndham Drive,,,CR 04,Hamilton Parish
,Mount Zion Lane,,,SB 03,Southampton
,Mullet Bay Road,4,,GE 01,St. George's
,Mullet Bay Road,1-125,Odd,GE 01,St. George's
,Mullet Bay Road,127 - 141,Odd,GE 02,St. George's
,Mullet Bay Road,18-30,Even,GE 02,St. George's
,Munro Lane,,,SB 02,Southampton
,Music Heights,,,SN 03,Southampton
,My Lord’s Bay Drive,,,CR 02,Hamilton Parish
,My Lord’s Bay Lane,2 - 6,Even,CR 01,Hamilton Parish
,My Lord’s Bay Lane,1-73,Odd,CR 02,Hamilton Parish
,My Lord’s Bay Road,,,CR 02,Hamilton Parish
,Nantucket Lane,,,FL 05,Smith’s
,Narrow Lane,,,GE 04,St. George's
,Narrows Lane,,,DD 01,St. George's
,Natural Arches Drive,,,HS 02,St. George's
,Naval Tanks Hill,,,GE 03,Town of St. George
,Neas Alley,,,GE 05,Town of St. George
,Nedley Lane,,,SB 02,Sandys
,Nelly Island,,,WK 04,Warwick
,New Park Road,,,HM 15,Pembroke
,Newfield Lane,,,WK 05,Warwick
,Newman Lane,,,HM 01,Pembroke
,Newport Gardens,,,SN 01,Southampton
,No Name Lane,,,MA 04,Sandys
,Norden Lane,,,PG 03,Paget
,North Arm,,,MA 01,Sandys
,North Cote Close,,,HM 01,Pembroke
,North Cote Road,,,HM 01,Pembroke
,North Cote West,,,HM 01,Pembroke
,North Court Avenue,,,HM 04,Pembroke
,North Hill,,,HM 15,Pembroke
,North Ridge Close,,,DV 05,Devonshire
,North Ridge Crescent,,,DV 05,Devonshire
,North Shore Road,55 - 123,Odd,CR 01,Hamilton Parish
,North Shore Road,74 - 126,Even,CR 01,Hamilton Parish
,North Shore Road,125 - 151,Odd,CR 02,Hamilton Parish
,North Shore Road,130 - 144,Even,CR 02,Hamilton Parish
,North Shore Road,150 - 164,Even,CR 03,Hamilton Parish
,North Shore Road,161 - 225,Odd,CR 03,Hamilton Parish
,North Shore Road,170 - 212,Even,CR 04,Hamilton Parish
,North Shore Road,229 - 243,Odd,CR 04,Hamilton Parish
,Street,Building #,,O/E/A,Postal Code,Parish
,North Shore Road,1-17,,Odd,DV 01,Devonshire
,North Shore Road,4-22,,Even,DV 01,Devonshire
,North Shore Road,21,- 49,Odd,DV 05,Devonshire
,North Shore Road,24,- 86,Even,DV 05,Devonshire
,North Shore Road,67,- 89,Odd,FL 03,Devonshire
,North Shore Road,88,- 112,Even,FL 03,Devonshire
,North Shore Road,2-44,,Even,FL 03,Smith’s
,North Shore Road,7-33,,Odd,FL 03,Smith’s
,North Shore Road,3-39,,Odd,FL 04,Hamilton Parish
,North Shore Road,2-60,,Even,FL 04,Hamilton Parish
,North Shore Road,41,,,FL 04,Smith’s
,North Shore Road,48,- 56,Even,FL 04,Smith’s
,North Shore Road,1-13,,Odd,HM 03,Pembroke
,North Shore Road,4-18,,Even,HM 03,Pembroke
,North Shore Road,15,- 27,Odd,HM 04,Pembroke
,North Shore Road,24,- 34,Even,HM 04,Pembroke
,North Shore Road,31,- 57,Odd,HM 07,Pembroke
,North Shore Road,36,- 56,Even,HM 07,Pembroke
,North Shore Road,59,- 99,Odd,HM 13,Pembroke
,North Shore Road,60,- 96,Even,HM 13,Pembroke
,North Shore Road,2,,,HM 14,Devonshire
,North Shore Road,100 - 162,,Even,HM 14,Pembroke
,North Shore Road,105 - 171,,Odd,HM 14,Pembroke
,North Street,,,,HM 17,Pembroke
,North Terrace,,,,HM 15,Pembroke
,Northchurch Lane,,,,CR 02,Hamilton Parish
,Northcliff Lane,,,,DV 01,Devonshire
,Northlands Lane,,,,HM 07,Pembroke
,Nu-Castle Lane,,,,FL 01,Smith’s
,Nursery Lane,,,,MA 03,Sandys
,Ocean Avenue,,,,DV 07,Devonshire
,Ocean Crescent,,,,HS 01,Smith’s
,Ocean Lane,,,,HM 13,Pembroke
,Ocean Sands Road,,,,WK 02,Warwick
,Ocean Spray Close,,,,FL 03,Devonshire
,Oceanside Road,,,,SB 04,Southampton
,Odyssey Drive,,,,FL 08,Smith’s
,Old Farm Road,,,,CR 04,Hamilton Parish
,Old House Lane,,,,HM 01,Pembroke
,Old Maid’s Lane,,,,GE 05,Town of St. George
,Old Military Lane,,,,GE 03,Town of St. George
,Old Military Road,,,,DV 02,Devonshire
,Old Military Road,,,,GE 03,Town of St. George
,Old Rectory Lane,,,,HM 06,Pembroke
,Old Road,,,,CR 01,Hamilton Parish
,Old Slip Lane,,,,HM 06,Pembroke
,Old South Road,,,,SN 01,Southampton
,Old Spice Close,,,,WK 02,Warwick
,Oleander Hill,,,,FL 08,Smith’s
,Oleander Lane,,,,DV 06,Devonshire
,Oleander Square,,,,DV 07,Devonshire
,Olive Bank Drive,,,,WK 07,Warwick
,Olive Lane,,,,MA 05,Sandys
,One Gun Alley,,,,GE 05,Town of St. George
,Onion Patch Lane,,,,SB 02,Sandys
,Orange Hole Road,,,,DD 03,St. George's
,Orange Valley Road,19,- 39,Odd,DV 02,Devonshire
,Orange Valley Road,2-36,,Even,DV 06,Devonshire
,Street,Building #,,O/E/A,Postal Code,Parish
,Orchard Drive,,,,SN 02,Southampton
,Orchard Grove,,,,HM 16,Pembroke
,Orchard Lane,,,,HM 16,Pembroke
,Orchid Lane,,,,SB 03,Southampton
,Ord Road,1,- 51,Odd,PG 03,Paget
,Ord Road,52-95,,,PG 03,Paget
,Ord Road,8,- 50,Even,PG 04,Paget
,Ord Road,2,- 24,Even,WK 08,Warwick
,Ord Road,1,- 51,Odd,WK 09,Warwick
,Ord Road,26-78,,Even,WK 10,Warwick
,Ord Valley Lane,,,,WK 10,Warwick
,Ordnance Island,,,,GE 05,Town of St. George
,Oriel Lane,,,,MA 04,Sandys
,Overock Drive,,,,HM 05,Pembroke
,Overock Hill,,,,HM 05,Pembroke
,Overplus Lane,,,,SB 02,Sandys
,Overview Hill,,,,HM 13,Pembroke
,Paddock Drive,,,,WK 04,Warwick
,Paddock Lane,,,,WK 04,Warwick
,Paget Close,,,,PG 05,Paget
,Paget Drive,,,,PG 04,Paget
,Paget Island,,,,GE 04,St. George's
,Paget Lane,,,,PG 04,Paget
,Pain Lane East,,,,GE 03,Town of St. George
,Pain Lane West,,,,GE 03,Town of St. George
,Palm Lane,,,,FL 05,Devonshire
,Palm Valley,,,,WK 01,Southampton
,Palmetto Court,,,,FL 07,Smith’s
,Palmetto Road,5,- 15,Odd,DV 01,Devonshire
,Palmetto Road,26,,,DV 05,Devonshire
,Palmetto Road,31-37,,Odd,DV 05,Devonshire
,Palmetto Road,1,- 7,Odd,HM 14,Pembroke
,Palmetto Road,2,- 4,Even,HM 15,Pembroke
,Palmetto Road,1,,,HM 16,Devonshire
,Palmetto Road,17-21,,Odd,HM 16,Pembroke
,Palmetto Vale,,,,FL 08,Smith’s
,Palmvale Close,,,,FL 05,Devonshire
,Pampas Drive,,,,FL 05,Smith’s
,Pampas Lane,,,,FL 05,Smith’s
,Pampas Road,,,,FL 05,Smith’s
,Panorama Drive,,,,CR 03,Hamilton Parish
,Paradise Lane,,,,FL 04,Hamilton Parish
,Park Gates,,,,GE 03,Town of St. George
,Park Hill,,,,WK 05,Warwick
,Park Road,,,,GE 03,Town of St. George
,Park Road,1,- 5,Odd,HM 09,City of Hamilton
,Park Road,4,- 10,Even,HM 11,City of Hamilton
,Park View Lane,,,,DV 03,Devonshire
,Par-la-Ville Road,2,- 16,Even,HM 08,City of Hamilton
,Par-la-Ville Road,7,- 55,Odd,HM 11,City of Hamilton
,Par-la-Ville Road,38-60,,Even,HM 11,City of Hamilton
,Parliament Street,,,,HM 12,City of Hamilton
,Parsonage Lane,,,,SB 02,Sandys
,Parsons Lane,10-14,,Even,DV 02,Devonshire
,Parsons Lane,30-36,,Even,DV 06,Devonshire
,Parsons Road,57-63,,Odd,HM 15,Devonshire
,Parsons Road,31-55,,Odd,HM 15,Pembroke
,Parsons Road,1,,,HM 17,Pembroke
,Street,Building #,O/E/A,Postal Code,Parish
,Parsons Road,8-28,Even,HM 17,Pembroke
,Parsons Road,58-72,Even,HM 18,Devonshire
,Parsons Road,38-56,Even,HM 18,Pembroke
,Partridge Island,,,HM 05,Pembroke
,Patience Avenue,,,SB 01,Sandys
,Patience Close,,,SB 01,Sandys
,Patience Lane,,,SB 01,Sandys
,Paynter Lane,,,SB 02,Sandys
,Paynters Road,,,HS 02,St. George's
,Peace Haven Drive,,,SB 02,Sandys
,Peach Tree Lane,,,MA 05,Sandys
,Peacock Crescent,,,SB 03,Sandys
,Peak Lane,,,WK 05,Warwick
,Pearman Hill Road,,,CR 01,Hamilton Parish
,Pearman’s Hill,,,WK 03,Warwick
,Pearman’s Hill West,,,WK 03,Warwick
,Peat Lane,,,HM 15,Pembroke
,Peet Point Lane,,,FL 02,Smith’s
,Pembroke Park Lane,,,HM 07,Pembroke
,Pender Road,,,MA 01,Sandys
,Pendle Lane,,,GE 01,St. George's
,Penno’s Drive,,,GE 05,Town of St. George
,Penno’s Wharf,,,GE 02,Town of St. George
,Pepper Hall Road,,,DD 03,St. George's
,Peppercorn Lane,,,SN 04,Southampton
,Pereira’s Drive,,,FL 01,Devonshire
,Perimeter Lane,,,HM 15,Pembroke
,Perots Island,,,SN 04,Southampton
,Perry Drive,,,WK 10,Warwick
,Peters Road,,,CR 01,Hamilton Parish
,Phillips Cove Glen,,,HM 01,Pembroke
,Phillips Cove Lane,,,HM 01,Pembroke
,Phillpott’s Hill Drive,,,SB 01,Sandys
,Phillpott’s Hill Lane,,,SB 01,Sandys
,Pie Crust Place,,,SN 01,Southampton
,Pieces of Eight Lane,,,GE 05,Town of St. George
,Pigeon Berry Lane,,,FL 05,Smith’s
,Pigeon Rock Drive,,,HM 01,Pembroke
,Pigeon Rock Lane,,,HM 01,Pembroke
,Pine Hill Drive,,,HM 08,Pembroke
,Pine Ridge Lane,,,FL 04,Smith’s
,Pinetree Avenue,,,SN 04,Southampton
,Pinetree Lane,,,MA 02,Sandys
,Pinkhouse Lane,,,MA 03,Sandys
,Pinnacle Hill,,,PG 02,Paget
,Piper's Peak,,,WK 03,Warwick
,Pitts Bay Road,8-12,Even,HM 05,Pembroke
,Pitts Bay Road,16-74,Even,HM 06,Pembroke
,Pitts Bay Road,17-57,Odd,HM 06,Pembroke
,Pitts Bay Road,3-15,Odd,HM 07,Pembroke
,Pitts Bay Road,61-75,Odd,HM 08,Pembroke
,Pitts Bay Road,76 - 112,Even,HM 08,Pembroke
,Plaice’s Point Road,,,HM 01,Pembroke
,Pleasant Street,,,DD 03,St. George's
,Pleasantville Lane,,,MA 04,Sandys
,Plumber Lane,,,SN 04,Southampton
,Poinciana Crescent,,,DV 08,Devonshire
,Poinciana Road,,,DV 08,Devonshire
,Street,Building #,O/E/A,Postal Code,Parish
,Point Finger Road,,,DV 04,Paget
,Point Pleasant Road,,,HM 11,City of Hamilton
,Point Shares Road,4-28,Even,HM 05,Pembroke
,Point Shares Road,11-23,Odd,HM 05,Pembroke
,Point Shares Road,3 - 9,Odd,HM 06,Pembroke
,Pokiok Close,,,FL 05,Smith’s
,Pokiok Crescent,,,FL 05,Smith’s
,Pokiok Road,,,FL 05,Smith’s
,Pomander Road,,,PG 05,Paget
,Pompano Beach Road,,,SB 03,Southampton
,Pompano Lane,,,SB 03,Southampton
,Pond Tree Hill,,,DD 03,St. George's
,Port Royal Gardens,,,SN 01,Southampton
,Port Royal Golf Course Road,,,SB 03,Southampton
,Port Royal Hill,,,SN 01,Southampton
,Port Royal Lane,,,SN 01,Southampton
,Port Royal Mews,,,SN 01,Southampton
,Portland Close,,,MA 04,Sandys
,Portland Lane,,,MA 04,Sandys
,Ports Island,,,WK 04,Warwick
,Pride Lane,,,DV 06,Devonshire
,Primary Lane,,,MA 04,Sandys
,Princess Estate Road,,,HM 04,Pembroke
,Princess Street,,,GE 05,Town of St. George
,Princess Street,11-31,Odd,HM 10,City of Hamilton
,Princess Street,8-22,Even,HM 10,City of Hamilton
,Princess Street,2 - 4,Even,HM 17,City of Hamilton
,Princeton Lane,,,PG 01,Warwick
,Printers Alley,,,GE 05,Town of St. George
,Prism Heights,,,SN 02,Southampton
,Privateer Lane,,,WK 10,Warwick
,Prospect Road,,,DV 02,Devonshire
,Prospero Lane,,,FL 08,Smith’s
,Purvis Estate Road,,,WK 06,Warwick
,Quarry Drive,,,WK 03,Warwick
,Quarry Hill Road,,,WK 10,Warwick
,Quarry Lane,,,WK 03,Warwick
,Quarry Road,,,CR 04,Hamilton Parish
,Queen Street,,,GE 05,Town of St. George
,Queen Street,,,HM 11,City of Hamilton
,Queen’s Cove,,,HM 05,Pembroke
,Queen’s Lane,,,FL 07,Smith’s
,Radnor Close,,,CR 01,Hamilton Parish
,Radnor Court,,,CR 01,Hamilton Parish
,Radnor Drive,,,CR 01,Hamilton Parish
,Radnor Estate Road,,,CR 01,Hamilton Parish
,Radnor Road,,,CR 01,Hamilton Parish
,Railway Terrace,,,HM 16,Pembroke
,Railway Terrace West,,,HM 16,Pembroke
,Railway Trail,20-30,Even,DV 05,Devonshire
,Railway Trail,9,,FL 03,Devonshire
,Railway Trail,32-34,Even,FL 03,Devonshire
,Railway Trail,22-24,Even,MA 03,Sandys
,Railway Trail,31-35,Odd,MA 05,Sandys
,Railway Trail,34-80,Even,MA 06,Sandys
,Railway Trail,49-57,Odd,MA 06,Sandys
,Railway Trail,3,,PG 03,Paget
,Railway Trail,13-25,Odd,PG 06,Paget
,Street,Building #,O/E/A,Postal Code,Parish
,Railway Trail,28-32,Even,PG 06,Paget
,Railway Trail,63-65,Odd,SB 02,Sandys
,Railway Trail,84-90,Even,SB 02,Sandys
,Railway Trail,1,,SN 02,Southampton
,Railway Trail,8-12,Even,SN 02,Southampton
,Railway Trail,28,,SN 03,Southampton
,Railway Trail,1-17,Odd,SN 03,Southampton
,Railway Trail,36-44,Even,SN 04,Southampton
,Railway Trail,34-60,Even,WK 09,Warwick
,Railway Trail,39-69,Odd,Wk 09,Warwick
,Rambling Lane,,,HM 17,Pembroke
,Ramey Street,,,DD 03,St. George's
,Ramgoat Hill,,,HS 02,Smith’s
,Random Lane,,,WK 03,Warwick
,Random Lane West,,,WK 03,Warwick
,Ratteray Close,,,MA 01,Sandys
,Ratteray Lane,,,MA 06,Sandys
,Ravello Garden Lane,,,WK 06,Warwick
,Raynor Heights,,,SN 04,Southampton
,Raynor’s Drive,,,SN 04,Southampton
,Reach Drive,,,GE 01,St. George's
,Rebecca Road,,,SN 04,Southampton
,Rec-View Hill,,,DV 01,Devonshire
,Redcoat Lane,,,GE 03,Town of St. George
,Redkiln Road,,,CR 02,Hamilton Parish
,Reid Street,2-32,Even,HM 11,City of Hamilton
,Reid Street,1-27,Odd,HM 11,City of Hamilton
,Reid Street,31-85,Odd,HM 12,City of Hamilton
,Reid Street,44 - 100,Even,HM 12,City of Hamilton
,Reid Street,102 - 104,Even,HM 19,City of Hamilton
,Reid Street,87-93,Odd,HM 19,City of Hamilton
,Relative Row,,,DV 04,Paget
,Richmond Road,,,HM 08,Pembroke
,Ricker Street,,,DD 03,St. George's
,Riddell’s Bay Road,,,WK 04,Warwick
,Ridgeway Road,,,HM 07,Pembroke
,Rings Court,,,WK 09,Warwick
,Riviera Crescent,,,SN 03,Southampton
,Riviera Road,,,SN 03,Southampton
,Roberts Alley,,,HM 16,Devonshire
,Roberts Avenue,1-21,Odd,DV 01,Devonshire
,Roberts Avenue,42-78,Even,HM 15,Devonshire
,Roberts Avenue,2-40,Even,HM 16,Devonshire
,Robin Hood Drive,,,HM 13,Pembroke
,Rock Garden Lane,,,FL 06,Smith’s
,Rock Gardens,,,PG 01,Paget
,Rock Oven Lane,,,DD 03,St. George's
,Rock Sound Road,,,SN 01,Southampton
,Rock Valley,,,WK 08,Warwick
,Rockaway Drive,,,SB 02,Southampton
,Rockaway Lane,,,SB 02,Southampton
,Rockaway Road,,,SB 02,Southampton
,Rockland Crescent,,,WK 08,Warwick
,Rocklands Road,,,WK 08,Warwick
,Rocklands View,,,WK 07,Warwick
,Rockville Close,,,HM 06,Pembroke
,Rockville Lane,,,HM 06,Pembroke
,Rocky Bay Lane,,,DV 07,Devonshire
,Street,Building #,O/E/A,Postal Code,Parish
,Rocky Lane,,,CR 02,Hamilton Parish
,Rocky Lane East,,,CR 02,Hamilton Parish
,Rocky Lane West,,,CR 02,Hamilton Parish
,Rocky Ridge Road,,,HS 02,Smith’s
,Rockywold Drive,,,SB 03,Sandys
,Rockywold Road,,,SB 03,Sandys
,Rose Gardens,,,WK 08,Warwick
,Rose Glen,,,WK 06,Warwick
,Rose Hill Road,,,SB 03,Southampton
,Rose Hill Street,,,GE 05,Town of St. George
,Rosebank Road,,,HM 11,City of Hamilton
,Rosehill Drive,,,MA 01,Sandys
,Rosemont Avenue,2-54,Even,HM 06,Pembroke
,Rosemont Avenue,1-47,Odd,HM 08,Pembroke
,Roseneath Lane,,,MA 01,Sandys
,Roxdene Lane,,,HM 06,Pembroke
,Royal Gardens,,,SB 03,Sandys
,Rubber Tree Lane,,,WK 05,Warwick
,Runway Lane,,,MA 01,Sandys
,Runway View,,,GE 01,St. George's
,Rural Drive,,,PG 06,Paget
,Rushy Lane,2 - 8,Even,MA 03,Sandys
,Rushy Lane,1 - 7,Odd,MA 04,Sandys
,Sally Port Lane,,,MA 01,Sandys
,Salt House Drive,,,FL 08,Smith’s
,Salt House Lane,,,FL 08,Smith’s
,Salt Kettle Lane,,,PG 01,Paget
,Salt Kettle Road,,,PG 01,Paget
,Salt Spray Lane,,,GE 04,St. George's
,Saltsea Lane,,,MA 05,Sandys
,Saltus Island,,,HM 06,Pembroke
,Sandtrap Hill,,,MA 04,Sandys
,Sandy Lane,,,CR 02,Hamilton Parish
,Sandy Mount Lane,,,WK 10,Warwick
,Sandycroft Heights,,,SN 02,Southampton
,Sandycroft Lane,,,SN 02,Southampton
,Sanz Close,,,HM 06,Pembroke
,Sanz Crescent,,,PG 04,Paget
,Sanz Lane,,,PG 04,Paget
,Sapper Lane,,,GE 03,Town of St. George
,Saratoga Road,,,SB 02,Southampton
,Saucos Hill,,,FL 05,Smith’s
,Savannah Road,,,CR 01,Hamilton Parish
,Sayle Close,,,FL 05,Smith’s
,Sayle Road,,,FL 05,Smith’s
,Scarrington Hill,,,PG 03,Paget
,Scaur Hill Drive,,,MA 06,Sandys
,Scaur Lane,,,MA 06,Sandys
,Scenic Heights Drive,,,SN 03,Southampton
,Scenic Heights Lane,,,SN 03,Southampton
,Scenic Heights Pass,8-32,Even,SN 03,Southampton
,Scenic Heights Pass,1-19,Odd,SN 04,Southampton
,Scenic Lane,,,SN 04,Southampton
,Scenic Place,,,SN 04,Southampton
,School Crescent,,,MA 03,Sandys
,School Lands Lane,,,HM 07,Pembroke
,School Lane,,,MA 03,Sandys
,Schools Drive,,,DV 02,Devonshire
,Street,Building #,O/E/A,Postal Code,Parish
,Scott’s Hill Road,6-32,Even,MA 02,Sandys
,Scott’s Hill Road,36-72,Even,MA 03,Sandys
,Scott’s Hill Road,43-63,Odd,MA 04,Sandys
,Scott’s Hill Road,1-41,Odd,MA 05,Sandys
,Scott’s Lane North,,,WK 07,Warwick
,Scott’s Lane South,,,WK 07,Warwick
,Scribes and Pharisees,,,DD 03,St. George's
,Sea Express Close,,,SB 02,Southampton
,Sea Express Lane,,,SB 02,Southampton
,Sea Swept Farm,,,SN 01,Southampton
,Seabright Avenue,,,DV 04,Paget
,Seabright Lane,,,DV 04,Paget
,Seacliff Lane,,,MA 01,Sandys
,Seagull Lane,,,HM 01,Pembroke
,Seamont Lane,,,FL 05,Smith’s
,Sears Hill Road,,,FL 06,Smith’s
,Seaview Lane,,,FL 06,Smith’s
,Seawall Drive,,,MA 01,Sandys
,Second Avenue,30-34,Even,DV 03,Devonshire
,Second Avenue,1-13,Odd,HM 19,Pembroke
,Second Avenue,2 - 6,Even,HM 19,Pembroke
,Second Avenue,24-28,Odd,HM 20,Devonshire
,Second Avenue,27-35,Odd,HM 20,Devonshire
,Second Avenue,10-16,Even,HM 20,Pembroke
,Second Avenue,15-17,Odd,HM 20,Pembroke
,Second Avenue,1 - 7,Odd,WK 02,Warwick
,Second Avenue,2-10,Even,WK 02,Warwick
,Second Avenue West,,,HM 20,Pembroke
,Secret Lane,,,HM 16,Pembroke
,Secretary Lane,,,GE 05,Town of St. George
,Secretary Road,12-18,Even,GE 03,Town of St. George
,Secretary Road,3-13,Odd,GE 05,Town of St. George
,Sentinel Hill,,,SN 02,Southampton
,Seon Drive,,,CR 01,Hamilton Parish
,Seon Lane,,,HM 19,City of Hamilton
,Serpentine Road,8-36,Even,HM 06,Pembroke
,Serpentine Road,3-31,Odd,HM 07,Pembroke
,Serpentine Road,38-36,Even,HM 08,Pembroke
,Serpentine Road,37-49,Odd,HM 09,City of Hamilton
,Serpentine Road,60-74,Even,HM 11,City of Hamilton
,Seymour Farm Road,,,SN 01,Southampton
,Sharon Lane,,,HM 08,Pembroke
,Shaw Wood Crescent,,,HM 01,Pembroke
,Shaw Wood Road,,,HM 01,Pembroke
,Shawn Acres Lane,,,SN 03,Southampton
,Shell Point Road,,,HS 02,St. George's
,Shelly Hall Drive,,,CR 01,Hamilton Parish
,Shelton Road,,,HM 20,Pembroke
,Shinbone Alley,,,GE 05,Town of St. George
,Ship's Hill,,,HS 02,St. George's
,Ship's Hill Lane,,,HS 02,St. George's
,Ships Point Lane,,,DD 03,St. George's
,Shore Hills Lane,,,GE 01,St. George's
,Shore Lane,,,HS 02,St. George's
,Silk Alley,,,GE 05,Town of St. George
,Simmons Lane,,,MA 04,Sandys
,Simons Drive,,,WK 05,Warwick
,Simons Lane,,,PG 02,Paget
,Street,Building #,,O/E/A,Postal Code,Parish
,Sinky Bay Road,,,,SN 02,Southampton
,Skroggins Hill,,,,SB 02,Southampton
,Skyline Drive,,,,FL 08,Smith’s
,Skyline Road,,,,FL 08,Smith’s
,Sleepy Hollow Drive,,,,CR 02,Hamilton Parish
,Sleepy Hollow Lane,,,,WK 04,Warwick
,Slip Point Lane,,,,GE 02,St. George's
,Slippery Hill,2-18,,Even,GE 03,Town of St. George
,Slippery Hill,1-21,,Odd,GE 03,Town of St. George
,Slippery Hill,23,- 35,Odd,GE 05,Town of St. George
,Smithery Lane,,,,MA 01,Sandys
,Smiths Avenue,,,,WK 07,Warwick
,Smiths Hill Drive,,,,DD 02,St. George's
,Smiths Hill Road,,,,DD 02,St. George's
,Smiths Island,,,,DD 01,St. George's
,Sofar Close,,,,DD 02,St. George's
,Sofar Drive,,,,DD 02,St. George's
,Sofar Lane,14,- 26,Even,DD 01,St. George's
,Sofar Lane,25,- 41,Odd,DD 01,St. George's
,Sofar Lane,9-23,,Odd,DD 02,St. George's
,Somers Hill Road,,,,FL 04,Hamilton Parish
,Somers Lane,,,,WK 10,Warwick
,Somerset Road,2-40,,Even,MA 02,Sandys
,Somerset Road,3-57,,Odd,MA 03,Sandys
,Somerset Road,42,- 76,Even,MA 03,Sandys
,Somerset Road,59,- 81,Odd,MA 04,Sandys
,Somerset Road,84,- 106,Even,MA 04,Sandys
,Somerset Road,108 - 182,,Even,MA 06,Sandys
,Somerset Road,83,- 131,Odd,MA 06,Sandys
,Sommersall Lane,,,,HS 01,Smith’s
,Sommersall Road,2-34,,Even,HS 01,Smith’s
,Sommersall Road,1-11,,Odd,HS 02,Smith’s
,Somner Lane,,,,GE 05,Town of St. George
,Sonesta Drive,,,,SN 02,Southampton
,Sound View Court,,,,MA 05,Sandys
,Sound View Drive,,,,MA 06,Sandys
,Sound View Road,66,- 92,Even,MA 04,Sandys
,Sound View Road,1-39,,Odd,MA 05,Sandys
,Sound View Road,2-60,,Even,MA 05,Sandys
,Sound View Road,41,- 83,Odd,MA 06,Sandys
,Sousa Estate Road,,,,FL 01,Devonshire
,South Avenue,,,,SN 03,Southampton
,South Breakers Road,,,,HS 01,Smith’s
,South Breeze Road,,,,WK 03,Warwick
,South Prison Street,,,,GE 02,Town of St. George
,South Road,151 - 203,,Odd,DV 04,Paget
,South Road,154 - 180,,Even,DV 04,Paget
,South Road,3-33,,Odd,DV 07,Devonshire
,South Road,4-38,,Even,DV 07,Devonshire
,South Road,49,- 63,Odd,DV 08,Devonshire
,South Road,65,- 75,Odd,FL 01,Devonshire
,South Road,46,- 64,Even,FL 05,Devonshire
,South Road,2-30,,Even,FL 05,Smith’s
,South Road,1-37,,Odd,FL 05,Smith’s
,South Road,40,- 54,Even,FL 06,Smith’s
,South Road,55,- 99,Odd,FL 06,Smith’s
,South Road,70,,,FL 08,Smith’s
,South Road,101 - 119,,Odd,FL 08,Smith’s
,Street,Building #,,O/E/A,Postal Code,Parish
,South Road,129 - 181,,Odd,HS 01,Smith’s
,South Road,92 - 120,,Even,HS 01,Smith’s
,South Road,1,- 13,Odd,HS 02,Hamilton Parish
,South Road,2,- 30,Even,HS 02,Hamilton Parish
,South Road,,,,HS 02,St. George's
,South Road,43 - 109,,Odd,PG 03,Paget
,South Road,1,- 39,Odd,PG 04,Paget
,South Road,2,- 104,Even,PG 04,Paget
,South Road,119 - 149,,Odd,PG 05,Paget
,South Road,117,,,PG 06,Paget
,South Road,108 - 150,,Even,PG 06,Paget
,South Road,2,- 50,Even,SN 01,Southampton
,South Road,1,- 59,Odd,SN 01,Southampton
,South Road,56-86,,Even,SN 02,Southampton
,South Road,63 - 101,,Odd,SN 02,Southampton
,South Road,111 - 117,,Odd,SN 03,Southampton
,South Road,94,,,WK 01,Southampton
,South Road,121,,,WK 01,Southampton
,South Road,1,,,WK 01,Warwick
,South Road,3,- 39,Odd,WK 02,Warwick
,South Road,20-36,,Even,WK 02,Warwick
,South Road,49,,,WK 07,Warwick
,South Road,53-83,,Odd,WK 08,Warwick
,South Road,60 - 106,,Even,WK 08,Warwick
,South Road,87 - 121,,Odd,WK 10,Warwick
,South Terrace,,,,HM 15,Pembroke
,South Whale Island,,,,SB 01,Sandys
,Southampton Road,,,,SB 04,Southampton
,Southbend Lane,,,,MA 03,Sandys
,Southcote Close,,,,PG 04,Paget
,Southcote Road,3,- 23,Odd,PG 03,Paget
,Southcote Road,4,- 20,Even,PG 04,Paget
,Southcourt Avenue,,,,PG 06,Paget
,Southdown Close,,,,SN 02,Southampton
,Southdown Road,,,,SN 02,Southampton
,Southlyn Lane,,,,PG 03,Paget
,Southsea Drive,,,,DV 04,Paget
,Southside Road,,,,DD 03,St. George's
,Spanish Crescent,,,,FL 08,Smith’s
,Spanish Heights Road,,,,FL 06,Smith’s
,Spanish Point Road,1,- 37,Odd,HM 01,Pembroke
,Spanish Point Road,2,- 54,Even,HM 01,Pembroke
,Spanish Point Road,60-80,,Even,HM 02,Pembroke
,Spanish View Lane,,,,FL 08,Smith’s
,Spanish View Road,,,,FL 06,Smith’s
,Spar Lane,,,,MA 01,Sandys
,Speakers Drive,,,,GE 02,St. George's
,Spectacle Island,,,,SN 02,Southampton
,Spice Berry Lane,,,,WK 03,Warwick
,Spice Hill Close,,,,WK 02,Warwick
,Spice Hill Road,2,,,WK 01,Southampton
,Spice Hill Road,6,- 100,Even,WK 02,Warwick
,Spice Hill Road,1,- 3,Odd,WK 03,Southampton
,Spice Hill Road,5,- 107,Odd,WK 03,Warwick
,Spice Lily Lane,,,,MA 02,Sandys
,Spicery Road,,,,WK 02,Warwick
,Spicewood Drive,,,,WK 08,Warwick
,Spire View Lane,,,,MA 05,Sandys
,Street,Building #,O/E/A,Postal Code,Parish
,Spring Benny Drive,,,SB 03,Sandys
,Spring Benny Lane,,,SB 03,Sandys
,Spring Benny Road,,,SB 03,Sandys
,Spring Hill,,,WK 09,Warwick
,Spring Hill Close,,,WK 09,Warwick
,Spruce Lane,,,HM 14,Pembroke
,Spur Lane,,,DV 07,Devonshire
,Spurling Hill,,,HM 19,City of Hamilton
,St David’s Road,,,DD 01,St. George's
,St Luke’s Lane,,,DD 01,St. George's
,St Mary’s Road,2-32,Even,WK 05,Warwick
,St Mary’s Road,1-19,Odd,WK 05,Warwick
,St Mary’s Road,21-45,Odd,WK 06,Warwick
,St Mary’s Road,36-50,Even,WK 06,Warwick
,St Michael’s Lane,,,PG 04,Paget
,St Michael’s Road,,,PG 04,Paget
,St. Anne’s Close,,,SN 01,Southampton
,St. Anne’s Drive,,,SN 01,Southampton
,St. Anne’s Road,3-33,Odd,SN 01,Southampton
,St. Anne’s Road,4-20,Even,SN 01,Southampton
,St. Anne’s Road,26-70,Even,SN 02,Southampton
,St. Anne’s Road,37-55,Odd,SN 02,Southampton
,St. Augustine Lane,,,HM 18,Pembroke
,St. Augustine Road,8-18,Even,HM 17,Pembroke
,St. Augustine Road,1-23,Odd,HM 18,Pembroke
,St. James Court,,,FL 04,Hamilton Parish
,St. James Crescent,,,FL 04,Hamilton Parish
,St. John’s Hill,,,HM 02,Pembroke
,St. John’s Lane,,,HM 09,Pembroke
,St. John’s Road,2-46,Even,HM 02,Pembroke
,St. John’s Road,1-31,Odd,HM 03,Pembroke
,St. John’s Road,35-61,Odd,HM 04,Pembroke
,St. John’s Road,48-62,Even,HM 07,Pembroke
,St. John’s Road,67-87,Odd,HM 07,Pembroke
,St. John’s Road,80 - 112,Even,HM 09,Pembroke
,St. John’s Road,91 - 125,Odd,HM 09,Pembroke
,St. John’s Road,127,,HM 13,Pembroke
,St. Mark’s Road,6-30,Even,FL 05,Smith’s
,St. Mark’s Road,1-25,Odd,FL 06,Smith’s
,St. Monica’s Road,,,HM 14,Pembroke
,St. Patrick’s Close,,,FL 05,Smith’s
,St. Patrick’s Road,,,FL 05,Smith’s
,St. Paul’s Lane,,,PG 06,Paget
,Stables Lane,,,HS 02,St. George's
,Stacey Estates Road,,,WK 02,Warwick
,Stadium Heights,,,HM 15,Devonshire
,Stadium Lane,,,WK 03,Warwick
,Stanley's Run,,,DD 03,St. George's
,Stardust Drive,,,CR 01,Hamilton Parish
,Steele’s Drive,,,PG 03,Paget
,Steele’s Lane,,,PG 03,Paget
,Steeple Road,,,FL 06,Smith’s
,Step Mother’s Drive,,,FL 02,Smith’s
,Stepney Lane,,,HM 13,Pembroke
,Stevens Circle,,,DD 03,St. George's
,Stipple Island,,,HM 05,Pembroke
,Stocks Road,,,DD 03,St. George's
,Stokes Point Road,,,GE 01,St. George's
,Street,Building #,O/E/A,Postal Code,Parish
,Stonehaven Road,,,FL 04,Hamilton Parish
,Stonington Avenue,,,PG 04,Paget
,Stonington Circle,,,PG 04,Paget
,Store Hill,,,FL 03,Smith’s
,Store House Lane,,,MA 01,Sandys
,Store Lane,4-10,Even,HM 15,Devonshire
,Store Lane,5-13,Odd,HM 16,Devonshire
,Store Lane,1-17,Odd,SB 02,Sandys
,Store Lane,2-26,Even,SB 02,Sandys
,Stormalong Lane,,,HM 01,Pembroke
,Stovell Bay Road,,,HM 01,Pembroke
,Stovell Close,,,PG 04,Paget
,Stovell Lane,,,PG 04,Paget
,Stowe Court,,,HM 04,Pembroke
,Stowe Hill,,,PG 05,Paget
,Strawberry Hill Drive,,,PG 05,Paget
,Studio Lane,,,FL 04,Hamilton Parish
,Suffering Lane,,,GE 03,Town of St. George
,Sugar Apple Lane,,,HM 01,Pembroke
,Sully’s Lane,,,MA 01,Sandys
,Summit View Drive,,,CR 03,Hamilton Parish
,Sun Valley Road,,,WK 02,Warwick
,Sunning Lane,,,WK 04,Warwick
,Sunny Lane,,,GE 04,St. George's
,Sunnylea Lane,,,SB 04,Southampton
,Sunnyside Drive,,,FL 04,Hamilton Parish
,Sunnyside Park Drive,,,SN 03,Southampton
,Sunnyside Park Lane,,,SN 03,Southampton
,Sunnyview Drive,,,CR 01,Hamilton Parish
,Sunrise Drive,,,CR 04,Hamilton Parish
,Sunset Close,,,HM 03,Pembroke
,Sunset Lane,,,HM 03,Pembroke
,Sunset Mews,,,HM 03,Pembroke
,Sunset Pass,,,HM 03,Pembroke
,Sunset Strip,,,HM 03,Pembroke
,Sunset View Road,,,HM 03,Pembroke
,Sunshine Lane,,,MA 05,Sandys
,Surveyor’s Close,,,MA 05,Sandys
,Swansbay Hill,,,HM 13,Pembroke
,Swansville Drive,,,WK 07,Warwick
,Swansville Road,,,WK 07,Warwick
,Sylvan Dell Road,,,PG 04,Paget
,Tablerock Avenue,,,HM 04,Pembroke
,Talavera Lane,,,GE 03,St. George's
,Talbot Lane,,,HS 01,Smith’s
,Tamarind Vale,1-39,Odd,WK 04,Warwick
,Tamarind Vale,2-24,Even,WK 05,Warwick
,Tamarisk Hill,,,FL 03,Smith’s
,Tanglewood Road,,,PG 03,Paget
,Tankard Lane,,,MA 04,Sandys
,Tankfield Hill,,,PG 06,Paget
,Tankfield Lane,,,PG 06,Paget
,Tarrafal Drive,,,CR 04,Hamilton Parish
,Tatem Drive,,,MA 06,Sandys
,Tatem Lane,,,HM 03,Pembroke
,Tatems Hill,,,HM 03,Pembroke
,Tea Rose Lane,,,DV 07,Devonshire
,Street,Building #,,O/E/A,Postal Code,Parish
,Tearoom Hill,,,,WK 08,Warwick
,Tecoma Lane,,,,FL 08,Smith’s
,Tee Street,6,- 24,Even,DV 03,Devonshire
,Tee Street,42,,,DV 04,Devonshire
,Tee Street,1,- 35,Odd,DV 07,Devonshire
,Tele Lane,,,,WK 05,Warwick
,Temple Lane,,,,MA 04,Sandys
,Ten Pin Crescent,,,,WK 05,Warwick
,Texas Road,,,,DD 01,St. George's
,The Glebe Road,78-84,,Even,DV 01,Devonshire
,The Glebe Road,77-87,,Odd,HM 14,Devonshire
,The Glebe Road,27-75,,Odd,HM 14,Pembroke
,The Glebe Road,2,- 20,Even,HM 15,Pembroke
,The Glebe Road,5,- 25,Odd,HM 15,Pembroke
,The Glebe Road,74-76,,Even,HM 16,Devonshire
,The Glebe Road,22-72,,Even,HM 16,Pembroke
,The Keep,,,,MA 01,Sandys
,The Lane,,,,PG 05,Paget
,The Peak Road,,,,FL 06,Smith’s
,The Sink Road,,,,DD 03,St. George's
,Theta Island,,,,WK 04,Warwick
,Thickett Lane,,,,HM 04,Pembroke
,Third Avenue,9,- 19,,HM 20,Devonshire
,Third Avenue,1,- 6,,HM 20,Pembroke
,Third Avenue,,,,WK 02,Warwick
,Three Chimneys Lane,,,,DV 07,Devonshire
,Timber Lane,,,,HM 06,Pembroke
,Tommy Fox Road,,,,DD 03,St. George's
,Tousvent Lane,,,,WK 09,Warwick
,Town Hill Road,,,,FL 07,Smith’s
,Town House Drive,,,,PG 04,Paget
,Trackside Lane,,,,DV 01,Devonshire
,Train Track Lane,,,,PG 03,Paget
,Tranquillity Hill,,,,MA 05,Sandys
,Tranquillity Lane,,,,DD 01,St. George's
,Travellers Lane,,,,HM 02,Pembroke
,Treadway Lane,,,,PG 04,Paget
,Tree Lane,,,,PG 02,Paget
,Trelawney Lane,,,,HM 06,Pembroke
,Tribe Lane,,,,DV 01,Devonshire
,Tribe Road #1,,,,DV 04,Paget
,Tribe Road #1,,,,DV 06,Devonshire
,Tribe Road #1,,,,HM 19,Pembroke
,Tribe Road #1,,,,SN 04,Southampton
,Tribe Road #1,1,- 13,Odd,WK 09,Warwick
,Tribe Road #1,2,- 6,Even,WK 09,Warwick
,Tribe Road #1,12-28,,Even,WK 10,Warwick
,Tribe Road #1,17-49,,Odd,WK 10,Warwick
,Tribe Road #2,,,,DV 06,Devonshire
,Tribe Road #2,,,,HM 07,Pembroke
,Tribe Road #2,2,- 4,Even,MA 03,Sandys
,Tribe Road #2,,,,PG 05,Paget
,Tribe Road #2,,,,SN 02,Southampton
,Tribe Road #2,,,,WK 09,Warwick
,Tribe Road #2,1,- 7,Odd,MA 03,Sandys
,Tribe Road #2 South,,,,WK 10,Warwick
,Tribe Road #3,4,- 8,Even,DV 03,Devonshire
,Tribe Road #3,1,- 3,Odd,HM 20,Devonshire
,Street,Building #,O/E/A,Postal Code,Parish
,Tribe Road #3,7-43,Odd,SN 01,Southampton
,Tribe Road #3,2-36,Even,SN 02,Southampton
,Tribe Road #3b,,,HM 18,Devonshire
,Tribe Road #4,,,WK 09,Warwick
,Tribe Road #4a,,,PG 03,Paget
,Tribe Road #4b,,,PG 04,Paget
,Tribe Road #5,,,PG 04,Paget
,Tribe Road #5,,,SB 02,Southampton
,Tribe Road #5,2 - 6,Even,WK 02,Warwick
,Tribe Road #5,3 - 5,Odd,WK 07,Warwick
,Tribe Road #6,5,,PG 01,Paget
,Tribe Road #6,4-12,Even,PG 02,Paget
,Tribe Road #6,,,SB 03,Sandys
,Tribe Road #6,,,SN 04,Southampton
,Tribe Road #6,,,WK 06,Warwick
,Tribe Road #7,,,WK 02,Warwick
,Trimingham Drive,,,PG 05,Paget
,Trimingham Hill,,,PG 05,Paget
,Trinity Church Road,2-28,Even,CR 03,Hamilton Parish
,Trinity Church Road,1-43,Odd,CR 04,Hamilton Parish
,Trinity Church Road,32-44,Even,CR 04,Hamilton Parish
,Trott Road,,,HM 11,City of Hamilton
,Trunk Island,,,CR 01,Hamilton Parish
,Tucker's Point Drive,,,HS 02,Hamilton Parish
,Tucker's Point Drive,,,HS 02,St. George's
,Tuckers Town Road,,,HS 02,St. George's
,Tulo Lane,,,HM 02,Pembroke
,Tumkins Lane,,,HM 09,City of Hamilton
,Turk’s Head Lane,,,DV 07,Devonshire
,Turkey Hill,,,GE 05,Town of St. George
,Turkey Lane,,,GE 05,Town of St. George
,Turnstile Lane,,,HM 06,Pembroke
,Turtle Bay Crescent,,,SN 01,Southampton
,Turtle Bay Drive,,,SN 01,Southampton
,Turtle Bay Lane,,,SN 01,Southampton
,Turtle Island,,,HS 01,Smith’s
,Turtle Place,,,SN 03,Southampton
,Tween Walls,,,MA 02,Sandys
,Twin Lane Drive,,,HM 09,Pembroke
,Twin Lane Place,,,HM 09,Pembroke
,Twin Lanes,,,CR 02,Hamilton Parish
,Twin Lanes South,,,CR 02,Hamilton Parish
,Two Way Lane,,,HM 17,Pembroke
,Two Way Mews,,,HM 17,Pembroke
,Underhill Crescent,,,HM 09,Pembroke
,Underhill Lane,,,HM 09,Pembroke
,Undina Watch,,,SN 02,Southampton
,Union Street,22-40,Even,HM 10,City of Hamilton
,Union Street,35-43,Odd,HM 10,City of Hamilton
,Union Street,47-53,Odd,HM 12,City of Hamilton
,Union Street,11-33,Odd,HM 17,City of Hamilton
,Union Street,2-20,Even,HM 17,City of Hamilton
,Up and Down Lane,,,DV 03,Paget
,Upland Close,,,DV 06,Devonshire
,Upland Lane,,,DV 06,Devonshire
,Upland Lane,,,WK 10,Warwick
,Upland Street,,,DV 06,Devonshire
,Uppington Crescent,,,HM 06,Pembroke
,Street,Building #,O/E/A,Postal Code,Parish
,Vale Close,,,HM 04,Pembroke
,Valley Heights Road,,,DV 05,Devonshire
,Valley Lane,,,MA 05,Sandys
,Valley Lane,,,PG 05,Paget
,Valley Road,1-69,Odd,PG 02,Paget
,Valley Road,6-34,Even,PG 05,Paget
,Valley View Crescent,,,CR 03,Hamilton Parish
,Valley View Lane,,,FL 06,Smith’s
,Valley View Lane,,,HM 02,Pembroke
,Vaucrossons Crescent,,,HM 13,Pembroke
,Vaughan's Bay Drive,,,DD 02,St. George's
,Verdmont Drive,,,FL 02,Smith’s
,Verdmont Lane,,,FL 05,Smith’s
,Verdmont Road,27-63,Odd,FL 02,Smith’s
,Verdmont Road,14-48,Even,FL 05,Smith’s
,Verdmont Road,60-70,Even,FL 06,Smith’s
,Verdmont Valley Close,,,FL 02,Smith’s
,Verdmont Valley Drive,,,FL 02,Smith’s
,Verdmont Valley View,,,FL 02,Smith’s
,Vesey Street,6-48,Even,DV 05,Devonshire
,Vesey Street,1-19,Odd,DV 06,Devonshire
,Vesey Street,2 - 4,Even,FL 03,Devonshire
,Vicker’s Bay Road,,,DV 07,Devonshire
,Victoria Road,,,GE 03,Town of St. George
,Victoria Street,25-31,Odd,HM 10,City of Hamilton
,Victoria Street,8,,HM 11,City of Hamilton
,Victoria Street,1-11,Odd,HM 11,City of Hamilton
,Victoria Street,20-72,Even,HM 12,City of Hamilton
,Victoria Street,35-79,Odd,HM 12,City of Hamilton
,Victualling Yard,,,MA 01,Sandys
,Villa Crescent,,,WK 06,Warwick
,Vista Drive,,,CR 03,Hamilton Parish
,W B’s Way,,,CR 02,Hamilton Parish
,Wadson Island,,,WK 05,Warwick
,Wallers Point Road,,,DD 03,St. George's
,Walsingham Lane,,,CR 04,Hamilton Parish
,Warehouse Lane,,,HM 06,Pembroke
,Warwick Camp,,,WK 01,Southampton
,Warwick Camp,,,WK 01,Warwick
,Warwick Close,,,WK 02,Warwick
,Warwick Lane,,,WK 02,Warwick
,Warwick Park Road,,,WK 05,Warwick
,Warwickshire Drive,,,WK 02,Warwick
,Warwickshire Road,,,WK 02,Warwick
,Washington Lane,,,HM 11,City of Hamilton
,Washington Street,,,HM 09,City of Hamilton
,Washington Street South,,,HM 11,City of Hamilton
,Watch Hill Lane,,,WK 04,Warwick
,Watch Hill Road,1,,FL 08,Smith’s
,Watch Hill Road,2 - 4,Even,HS 01,Smith’s
,Water Street,,,GE 05,Town of St. George
,Waterloo Lane,,,GE 03,St. George's
,Waterloo Lane,,,HM 08,Pembroke
,Watling Island,,,WK 06,Warwick
,Watlington Lane,,,DV 06,Devonshire
,Watlington Lane North,,,DV 06,Devonshire
,Watlington Road East,1-25,Odd,DV 06,Devonshire
,Watlington Road East,4-30,Even,DV 08,Devonshire
,Street,Building #,,O/E/A,Postal Code,Parish
,Watlington Road East,37,,,FL 01,Devonshire
,Watlington Road West,3,- 9,Odd,DV 06,Devonshire
,Watlington Road West,11-13,,Odd,DV 07,Devonshire
,Weathervane Lane,,,,MA 04,Sandys
,Wefo Road,,,,MA 02,Sandys
,Welcome Place,,,,SN 01,Southampton
,Well Bottom,,,,WK 01,Southampton
,Well Bottom,,,,WK 01,Warwick
,Well Bottom Lane,,,,WK 01,Southampton
,Wellington Back Road,2,- 34,Even,GE 01,St. George's
,Wellington Back Road,1,- 13,Odd,GE 01,St. George's
,Wellington Back Road,36-60,,Even,GE 02,St. George's
,Wellington Back Road,17-49,,Odd,GE 03,St. George's
,Wellington Hill,7,,,GE 01,St. George's
,Wellington Hill,1,- 3,Odd,GE 02,St. George's
,Wellington Hill,4,- 6,Even,GE 02,St. George's
,Wellington Lane,1,- 11,Odd,GE 01,St. George's
,Wellington Lane,2,- 10,Even,GE 02,St. George's
,Wellington Park,,,,GE 02,St. George's
,Wellington Slip Road,,,,GE 02,St. George's
,Wellington Street,,,,GE 02,Town of St. George
,Wellman Lane,6,- 8,Even,WK 01,Southampton
,Wellman Lane,2,- 4,Even,WK 01,Warwick
,Wentworth Lane,,,,SB 01,Sandys
,Wesley Street,,,,HM 11,City of Hamilton
,West Avenue,,,,SN 03,Southampton
,West Crescent,,,,WK 04,Warwick
,West Lane,,,,GE 04,St. George's
,West Park Lane,,,,HM 07,Pembroke
,West Point Lane,,,,CR 01,Hamilton Parish
,West Side Road,,,,MA 03,Sandys
,West Side Road,,,,MA 04,Sandys
,Westcott Road,,,,DD 03,St. George's
,Westdale Lane,,,,WK 01,Southampton
,Westend Lane,,,,MA 04,Sandys
,Westering Lane,,,,WK 09,Warwick
,Westmount Lane,,,,WK 03,Warwick
,Westwood Lane,,,,PG 05,Paget
,Whale Bay Road,41,,,SB 03,Southampton
,Whale Bay Road,2,- 30,Even,SB 03,Southampton
,Whale Bay Road,7,- 29,Odd,SB 04,Southampton
,Whale Island,,,,SB 01,Sandys
,Whale View Lane,,,,WK 03,Warwick
,Whaler's Hill Road,,,,DD 03,St. George's
,Whaling Hill,,,,SB 03,Southampton
,Whaling Lane,,,,SB 03,Southampton
,Wharf Drive,,,,MA 06,Sandys
,Wharf Street,,,,DD 03,St. George's
,White Crest Hill,,,,HS 02,Hamilton Parish
,White Gate Lane,,,,MA 06,Sandys
,White Hill Lane,,,,SB 01,Sandys
,White Hill View,,,,SB 03,Sandys
,White Sands Road,,,,PG 06,Paget
,White's Island,,,,PG 02,Paget
,Whitney Avenue,,,,HM 13,Pembroke
,Whitney Avenue West,,,,HM 13,Pembroke
,Wild Wood Court,,,,SN 02,Southampton
,Wilderness Lane,,,,FL 06,Smith’s
,Street,Building #,O/E/A,Postal Code,Parish
,Wilkinson Avenue,,,CR 04,Hamilton Parish
,Williams Estate,,,FL 05,Smith’s
,Williamsholme Drive,,,WK 08,Warwick
,Williamsville Place,,,SN 04,Southampton
,Wilson Place,,,MA 06,Sandys
,Windcrest Drive,,,PG 05,Paget
,Windermere,,,HM 05,Pembroke
,Windgap Lane,,,DV 04,Paget
,Windreach Lane,,,WK 03,Warwick
,Windwood Crescent,,,HM 06,Pembroke
,Windwood Drive,,,HM 06,Pembroke
,Windy Bank,,,FL 02,Smith’s
,Windy Lane,,,FL 04,Smith’s
,Windy Ridge Road,,,PG 01,Warwick
,Wingood Way,,,MA 06,Sandys
,Winton Hill Lane,,,CR 03,Hamilton Parish
,Witchery Drive,,,WK 08,Warwick
,Witchery Lane,,,WK 08,Warwick
,Wolliske Drive,,,FL 08,Smith’s
,Woodbourne Avenue,,,HM 08,Pembroke
,Woodbourne Crescent,,,HM 08,Pembroke
,Woodlands Road,2-24,Even,HM 07,Pembroke
,Woodlands Road,1-13,Odd,HM 09,Pembroke
,Woodlawn Road,2-26,Even,SB 01,Sandys
,Woodlawn Road,1-35,Odd,SB 03,Sandys
,Woodside Drive,,,DV 03,Paget
,Woodstock Hill,,,PG 06,Paget
,Woody’s Drive,,,MA 01,Sandys
,Workmen’s Lane,,,CR 01,Hamilton Parish
,Wreck Road,,,SB 01,Sandys
,Wyndham Hill,,,CR 04,Hamilton Parish
,Wyndham Lane,,,CR 04,Hamilton Parish
,York Street,,,GE 05,Town of St. George
,Zeta Island,,,WK 04,Warwick
,Zuill’s Park Drive,,,FL 06,Smith’s
,Zuill’s Park Road,,,FL 06,Smith’s
